,Estimator,Permuted,ev,fold,imputation_strategy,mae,model_testing,mse,r2_score,target,variable
0,RandomForest,no,0.6154252999954433,0,median,3.3462915612224093,validation,17.60609273706192,0.6154083870724922,Age,"EL, EDU, LS, MH"
1,RandomForest,no,0.6132563126801451,0,median,3.481819398499113,generalization,19.12402950346963,0.6132341456046317,Age,"EL, EDU, LS, MH"
2,RandomForest,no,0.5861207951534377,1,median,3.6060910454160666,validation,19.740302056627726,0.5852422761291887,Age,"EL, EDU, LS, MH"
3,RandomForest,no,0.6136422443157471,1,median,3.4809414292752607,generalization,19.104143265135733,0.6136363264294691,Age,"EL, EDU, LS, MH"
4,RandomForest,no,0.5977589044170408,2,median,3.410583986221169,validation,18.395928420586127,0.5977343639692962,Age,"EL, EDU, LS, MH"
5,RandomForest,no,0.6169286676455252,2,median,3.4686944872978085,generalization,18.942240782919797,0.6169106547739018,Age,"EL, EDU, LS, MH"
6,RandomForest,no,0.6278394467574101,3,median,3.563930071242662,validation,19.29714056214345,0.6276204282049875,Age,"EL, EDU, LS, MH"
7,RandomForest,no,0.6112437174883769,3,median,3.4975990982632634,generalization,19.224250552294556,0.6112072673481357,Age,"EL, EDU, LS, MH"
8,RandomForest,no,0.6091216388978069,4,median,3.5472724886022364,validation,19.096427415125273,0.6056691365242249,Age,"EL, EDU, LS, MH"
9,RandomForest,no,0.6113379108227368,4,median,3.4963036297155345,generalization,19.217845758942765,0.6113367983851214,Age,"EL, EDU, LS, MH"
10,RandomForest,no,0.6353525050745497,5,median,3.3621645885286786,validation,18.106940608478805,0.6335987464215145,Age,"EL, EDU, LS, MH"
11,RandomForest,no,0.6126689859102761,5,median,3.4888173652694614,generalization,19.15403575648703,0.6126272968187432,Age,"EL, EDU, LS, MH"
12,RandomForest,no,0.6446074888876234,6,median,3.4691491670666967,validation,18.012113700486093,0.6402704716069576,Age,"EL, EDU, LS, MH"
13,RandomForest,no,0.6167439602850309,6,median,3.4717266693630875,generalization,18.955150937365968,0.6166495588101122,Age,"EL, EDU, LS, MH"
14,RandomForest,no,0.5854439992865066,7,median,3.623730673316708,validation,20.289953875311717,0.5819188779106125,Age,"EL, EDU, LS, MH"
15,RandomForest,no,0.6142544278655837,7,median,3.4756766467065865,generalization,19.073581876247502,0.6142544023262209,Age,"EL, EDU, LS, MH"
16,RandomForest,no,0.6307908980088728,8,median,3.460081614070148,validation,18.62424793171905,0.6307770416242426,Age,"EL, EDU, LS, MH"
17,RandomForest,no,0.6153811184448853,8,median,3.474181333997337,generalization,19.02063036774481,0.6153252977368273,Age,"EL, EDU, LS, MH"
18,RandomForest,no,0.5523549016195879,9,median,3.6271321695760603,validation,20.91976825935162,0.5518496427804638,Age,"EL, EDU, LS, MH"
19,RandomForest,no,0.6153774364796001,9,median,3.4801786427145713,generalization,19.018059021956088,0.6153773008332846,Age,"EL, EDU, LS, MH"
20,RandomForest,no,0.6350276706597793,10,median,3.3450154613466334,validation,17.83267644169576,0.6347846780500705,Age,"EL, EDU, LS, MH"
21,RandomForest,no,0.6138622617839761,10,median,3.4907018962075846,generalization,19.093714420958086,0.6138472401821378,Age,"EL, EDU, LS, MH"
22,RandomForest,no,0.5542992178341206,11,median,3.6943259417308654,validation,22.048334740528674,0.5535743980142691,Age,"EL, EDU, LS, MH"
23,RandomForest,no,0.6125994060444214,11,median,3.4876948364729667,generalization,19.158428026315487,0.6125384672134222,Age,"EL, EDU, LS, MH"
24,RandomForest,no,0.6467058807504305,12,median,3.3005507554446423,validation,17.194090629137705,0.6454660064284341,Age,"EL, EDU, LS, MH"
25,RandomForest,no,0.6152520163201503,12,median,3.4810403974180066,generalization,19.02849478021425,0.6151662472497159,Age,"EL, EDU, LS, MH"
26,RandomForest,no,0.6032154403587191,13,median,3.664588528678304,validation,19.677816139650872,0.6032133406325138,Age,"EL, EDU, LS, MH"
27,RandomForest,no,0.6115764289071322,13,median,3.4899580838323354,generalization,19.207722467065867,0.6115415326243858,Age,"EL, EDU, LS, MH"
28,RandomForest,no,0.6427050062905679,14,median,3.4587963424388586,validation,18.117600403533913,0.641684013148253,Age,"EL, EDU, LS, MH"
29,RandomForest,no,0.6120959427060749,14,median,3.49005949829188,generalization,19.18206410774744,0.6120604492712344,Age,"EL, EDU, LS, MH"
30,RandomForest,no,0.5974433084865503,15,median,3.4497356608478795,validation,19.303099930174557,0.5973763508477004,Age,"EL, EDU, LS, MH"
31,RandomForest,no,0.6129008368983864,15,median,3.490370259481037,generalization,19.141496011976052,0.6128809015833043,Age,"EL, EDU, LS, MH"
32,RandomForest,no,0.6158941121620667,16,median,3.5438603491271827,validation,19.555824678304237,0.6150708686051634,Age,"EL, EDU, LS, MH"
33,RandomForest,no,0.6125701884648613,16,median,3.491935129740518,generalization,19.160071213572856,0.6125052352670162,Age,"EL, EDU, LS, MH"
34,RandomForest,no,0.5964184803701641,17,median,3.5666433915211964,validation,19.760260069825435,0.5962455009071379,Age,"EL, EDU, LS, MH"
35,RandomForest,no,0.6135433406225961,17,median,3.48762375249501,generalization,19.10895747305389,0.6135389635155306,Age,"EL, EDU, LS, MH"
36,RandomForest,no,0.5791048437594669,18,median,3.4738054862842893,validation,19.366345615960103,0.5777102335852774,Age,"EL, EDU, LS, MH"
37,RandomForest,no,0.6120587035852103,18,median,3.4901786427145716,generalization,19.184254047904197,0.6120161597518291,Age,"EL, EDU, LS, MH"
38,RandomForest,no,0.6088501918608669,19,median,3.5137969545113954,validation,19.211946815643977,0.6067614344541303,Age,"EL, EDU, LS, MH"
39,RandomForest,no,0.6126320714218048,19,median,3.4838626479057866,generalization,19.1537997422121,0.6126320699897255,Age,"EL, EDU, LS, MH"
40,RandomForest,no,0.5911623339168082,20,median,3.466131296989239,validation,19.691905859437725,0.5908241962249028,Age,"EL, EDU, LS, MH"
41,RandomForest,no,0.6116453382781151,20,median,3.4883980192629878,generalization,19.20456277606488,0.6116054344600006,Age,"EL, EDU, LS, MH"
42,RandomForest,no,0.5643912237980687,21,median,3.3926967124026177,validation,19.305975992286953,0.5637286920665114,Age,"EL, EDU, LS, MH"
43,RandomForest,no,0.6115862588926121,21,median,3.4882065596147585,generalization,19.205550747061263,0.6115854536580223,Age,"EL, EDU, LS, MH"
44,RandomForest,no,0.6155098611513083,22,median,3.4478270290141184,validation,18.612109524352764,0.6154741996459241,Age,"EL, EDU, LS, MH"
45,RandomForest,no,0.6137540324161589,22,median,3.4786731842983905,generalization,19.098617891915147,0.6137480720055845,Age,"EL, EDU, LS, MH"
46,RandomForest,no,0.654058086062599,23,median,3.2670623441396516,validation,17.202621725685788,0.653344648392918,Age,"EL, EDU, LS, MH"
47,RandomForest,no,0.6126182103192266,23,median,3.485103792415169,generalization,19.15766456686627,0.6125539074764756,Age,"EL, EDU, LS, MH"
48,RandomForest,no,0.6551734642054415,24,median,3.3390016860682303,validation,17.379743304343098,0.6551722308848942,Age,"EL, EDU, LS, MH"
49,RandomForest,no,0.6146295745138685,24,median,3.4734648095365084,generalization,19.05561034944443,0.6146178598767084,Age,"EL, EDU, LS, MH"
50,RandomForest,no,0.6829360579939922,25,median,3.3197265944747167,validation,17.07533799794605,0.6828293848612661,Age,"EL, EDU, LS, MH"
51,RandomForest,no,0.6122619151527342,25,median,3.4991316297513424,generalization,19.173772376631554,0.6122281418837601,Age,"EL, EDU, LS, MH"
52,RandomForest,no,0.6321524133654868,26,median,3.309428854500024,validation,18.104694677395088,0.62987301986945,Age,"EL, EDU, LS, MH"
53,RandomForest,no,0.6144249096118235,26,median,3.484954941261304,generalization,19.06515152990572,0.614424898303815,Age,"EL, EDU, LS, MH"
54,RandomForest,no,0.5660886665702827,27,median,3.754064837905237,validation,22.282190563591023,0.5632250552623539,Age,"EL, EDU, LS, MH"
55,RandomForest,no,0.6103317136178451,27,median,3.49362874251497,generalization,19.268027632734533,0.6103219162814982,Age,"EL, EDU, LS, MH"
56,RandomForest,no,0.6011002274550581,28,median,3.6106105249696268,validation,20.42285626486709,0.6010925795743747,Age,"EL, EDU, LS, MH"
57,RandomForest,no,0.6138442321772029,28,median,3.4811759717744,generalization,19.094916270702385,0.6138229338797905,Age,"EL, EDU, LS, MH"
58,RandomForest,no,0.5944446814510096,29,median,3.6060700546375095,validation,21.162154096273007,0.5935520128649818,Age,"EL, EDU, LS, MH"
59,RandomForest,no,0.6117888770834663,29,median,3.491328046874828,generalization,19.195645011024688,0.6117857880311159,Age,"EL, EDU, LS, MH"
60,RandomForest,no,0.5928889953012311,30,median,3.509137676273038,validation,19.96095090815264,0.5927861679503371,Age,"EL, EDU, LS, MH"
61,RandomForest,no,0.6135675004541141,30,median,3.4862434582421424,generalization,19.109844641724226,0.6135210213476046,Age,"EL, EDU, LS, MH"
62,RandomForest,no,0.5774290974209999,31,median,3.558386333864048,validation,19.283271445176045,0.576709086503325,Age,"EL, EDU, LS, MH"
63,RandomForest,no,0.6122815806963937,31,median,3.4916149353789314,generalization,19.17449302259395,0.6122135674839813,Age,"EL, EDU, LS, MH"
64,RandomForest,no,0.5844611109383364,32,median,3.7654648335922336,validation,22.25782227226916,0.5844422467525159,Age,"EL, EDU, LS, MH"
65,RandomForest,no,0.6090405186544761,32,median,3.5117566217639253,generalization,19.333501993520557,0.6089977577360515,Age,"EL, EDU, LS, MH"
66,RandomForest,no,0.6262910999678747,33,median,3.4095955638549538,validation,18.041061374652262,0.6262460360453611,Age,"EL, EDU, LS, MH"
67,RandomForest,no,0.6109201434853253,33,median,3.493209086051764,generalization,19.239408446418327,0.6109007129229528,Age,"EL, EDU, LS, MH"
68,RandomForest,no,0.6415586038241812,34,median,3.3196918424141764,validation,17.068612851877738,0.6414987114258556,Age,"EL, EDU, LS, MH"
69,RandomForest,no,0.6152344794262274,34,median,3.4755897038503862,generalization,19.027996824037846,0.6151763179540088,Age,"EL, EDU, LS, MH"
70,RandomForest,no,0.6262397392873965,35,median,3.5428246051537817,validation,19.19830541978387,0.6261465641541969,Age,"EL, EDU, LS, MH"
71,RandomForest,no,0.6144717312885375,35,median,3.4837580838323348,generalization,19.063075082412954,0.6144668925387904,Age,"EL, EDU, LS, MH"
72,RandomForest,no,0.649152334891594,36,median,3.3447502917218723,validation,17.974748754682132,0.6490735139492847,Age,"EL, EDU, LS, MH"
73,RandomForest,no,0.6183971616426064,36,median,3.467568989633002,generalization,18.869367578109298,0.6183844481141572,Age,"EL, EDU, LS, MH"
74,RandomForest,no,0.5945263349260683,37,median,3.70081795511222,validation,21.66480825935162,0.5944168937974611,Age,"EL, EDU, LS, MH"
75,RandomForest,no,0.6093372291378358,37,median,3.505877245508982,generalization,19.317924291417167,0.6093128023903405,Age,"EL, EDU, LS, MH"
76,RandomForest,no,0.6521361481134476,38,median,3.3301421453628035,validation,17.181008625407113,0.6519796482848563,Age,"EL, EDU, LS, MH"
77,RandomForest,no,0.6123473805029047,38,median,3.4922139933501786,generalization,19.168856336589812,0.6123275642584556,Age,"EL, EDU, LS, MH"
78,RandomForest,no,0.5959710504810037,39,median,3.4169407218418937,validation,18.984547016921443,0.5955260269315965,Age,"EL, EDU, LS, MH"
79,RandomForest,no,0.6145222685529468,39,median,3.4871114734108217,generalization,19.063641074964853,0.614455445861568,Age,"EL, EDU, LS, MH"
80,RandomForest,no,0.6403091974921631,40,median,3.4794912718204487,validation,19.057137037406484,0.6400520618671208,Age,"EL, EDU, LS, MH"
81,RandomForest,no,0.6121472206542645,40,median,3.4885379241516965,generalization,19.179968091816363,0.6121028392598225,Age,"EL, EDU, LS, MH"
82,RandomForest,no,0.6168476792022521,41,median,3.60136014472925,validation,19.79628324294307,0.6164221262769226,Age,"EL, EDU, LS, MH"
83,RandomForest,no,0.6139996990971277,41,median,3.477860270052274,generalization,19.08774039768127,0.6139680592917516,Age,"EL, EDU, LS, MH"
84,RandomForest,no,0.6255953307859756,42,median,3.4696794566547347,validation,19.040622812844557,0.6250390435724587,Age,"EL, EDU, LS, MH"
85,RandomForest,no,0.6087394035454068,42,median,3.5037779579425337,generalization,19.34628349050853,0.6087392637506647,Age,"EL, EDU, LS, MH"
86,RandomForest,no,0.6132914862789492,43,median,3.580011471321696,validation,19.65232461915212,0.6132005682461943,Age,"EL, EDU, LS, MH"
87,RandomForest,no,0.6100183481944979,43,median,3.4919529441117767,generalization,19.284833130413663,0.6099820405943566,Age,"EL, EDU, LS, MH"
88,RandomForest,no,0.5756398456347591,44,median,3.4324715134298933,validation,18.91989961587684,0.5753958583609354,Age,"EL, EDU, LS, MH"
89,RandomForest,no,0.6128232727511349,44,median,3.4892370613531845,generalization,19.14878559050699,0.6127334765823029,Age,"EL, EDU, LS, MH"
90,RandomForest,no,0.6480655019236216,45,median,3.3786811630385696,validation,17.219254430629945,0.6474973161084513,Age,"EL, EDU, LS, MH"
91,RandomForest,no,0.6097164434524839,45,median,3.5009126419951806,generalization,19.30023521453655,0.6096705476517121,Age,"EL, EDU, LS, MH"
92,RandomForest,no,0.6201940846300695,46,median,3.4216359102244387,validation,17.904554653366578,0.6197914023958764,Age,"EL, EDU, LS, MH"
93,RandomForest,no,0.6130114527544814,46,median,3.4900029940119763,generalization,19.136235852295407,0.6129872834602395,Age,"EL, EDU, LS, MH"
94,RandomForest,no,0.6205608410774741,47,median,3.580336677953708,validation,19.35773177403164,0.6194797226928074,Age,"EL, EDU, LS, MH"
95,RandomForest,no,0.6122341067077894,47,median,3.4961008035004015,generalization,19.17354372006869,0.6122327662518035,Age,"EL, EDU, LS, MH"
96,RandomForest,no,0.6305352519725564,48,median,3.5641968684288847,validation,19.64594120584078,0.6304211314393567,Age,"EL, EDU, LS, MH"
97,RandomForest,no,0.6127916634183244,48,median,3.490642304608984,generalization,19.14935234498797,0.6127220144957677,Age,"EL, EDU, LS, MH"
98,RandomForest,no,0.6201475071245519,49,median,3.5485705617175856,validation,18.772426840168574,0.6201084608257939,Age,"EL, EDU, LS, MH"
99,RandomForest,no,0.6137161021413279,49,median,3.4822455475606264,generalization,19.10235069783529,0.6136725794494401,Age,"EL, EDU, LS, MH"
100,RandomForest,no,0.5957979111850675,50,median,3.619102244389028,validation,20.253195371571074,0.5947905406231702,Age,"EL, EDU, LS, MH"
101,RandomForest,no,0.612759023621174,50,median,3.4857894211576848,generalization,19.149099876247504,0.6127271204431362,Age,"EL, EDU, LS, MH"
102,RandomForest,no,0.5913214277715836,51,median,3.4483470263215352,validation,19.658709388829454,0.5912071761707542,Age,"EL, EDU, LS, MH"
103,RandomForest,no,0.6098559732385513,51,median,3.4982318220398376,generalization,19.291666449239198,0.609843843024988,Age,"EL, EDU, LS, MH"
104,RandomForest,no,0.5899732576802057,52,median,3.4646522156148096,validation,19.372396384924084,0.5860217952687904,Age,"EL, EDU, LS, MH"
105,RandomForest,no,0.610970358249481,52,median,3.4916063104560107,generalization,19.237308809702725,0.6109431761385676,Age,"EL, EDU, LS, MH"
106,RandomForest,no,0.6140710126938014,53,median,3.5970064509241992,validation,20.714156982158656,0.6130549366028677,Age,"EL, EDU, LS, MH"
107,RandomForest,no,0.6101863403863315,53,median,3.4955459147975088,generalization,19.274816916668197,0.6101846092771945,Age,"EL, EDU, LS, MH"
108,RandomForest,no,0.6442711029818077,54,median,3.407568562268172,validation,17.810894674996046,0.6439697740018707,Age,"EL, EDU, LS, MH"
109,RandomForest,no,0.612781963217303,54,median,3.483883741245952,generalization,19.147510967820644,0.6127592546502685,Age,"EL, EDU, LS, MH"
110,RandomForest,no,0.6598275416023491,55,median,3.518455352962974,validation,18.780979881807863,0.6597951667516517,Age,"EL, EDU, LS, MH"
111,RandomForest,no,0.6149284804364086,55,median,3.4763679701415877,generalization,19.040413700048173,0.6149251980915247,Age,"EL, EDU, LS, MH"
112,RandomForest,no,0.6110035885913787,56,median,3.2805786825722434,validation,18.25236188057096,0.610947192076402,Age,"EL, EDU, LS, MH"
113,RandomForest,no,0.6129340246065628,56,median,3.487439391719493,generalization,19.140268013840533,0.6129057367127415,Age,"EL, EDU, LS, MH"
114,RandomForest,no,0.6213367687201712,57,median,3.3775261845386533,validation,18.192989566084787,0.6205548312700752,Age,"EL, EDU, LS, MH"
115,RandomForest,no,0.6147452493093389,57,median,3.479076846307385,generalization,19.049346439121763,0.6147445416843977,Age,"EL, EDU, LS, MH"
116,RandomForest,no,0.6289554959403787,58,median,3.5776458852867825,validation,20.06620005985037,0.6265952604008702,Age,"EL, EDU, LS, MH"
117,RandomForest,no,0.6139089693279984,58,median,3.4865918163672656,generalization,19.09462073053892,0.6138289109069548,Age,"EL, EDU, LS, MH"
118,RandomForest,no,0.6176662424500736,59,median,3.4938751669033365,validation,19.200333494775244,0.6136639883090171,Age,"EL, EDU, LS, MH"
119,RandomForest,no,0.6137514217504151,59,median,3.4801996516153517,generalization,19.098475795951053,0.6137509457653719,Age,"EL, EDU, LS, MH"
120,RandomForest,no,0.6353137455210512,60,median,3.396649989841705,validation,18.87352623472117,0.6352873528270837,Age,"EL, EDU, LS, MH"
121,RandomForest,no,0.6135738950423795,60,median,3.4826339192328235,generalization,19.107470787242363,0.6135690303645704,Age,"EL, EDU, LS, MH"
122,RandomForest,no,0.5486986224164546,61,median,3.7899451371571073,validation,22.41247856359102,0.5484497517310507,Age,"EL, EDU, LS, MH"
123,RandomForest,no,0.6076408533627189,61,median,3.5122125748503,generalization,19.40115528542914,0.6076295323187597,Age,"EL, EDU, LS, MH"
124,RandomForest,no,0.5844997712451547,62,median,3.573842424242424,validation,19.441559334425737,0.5844777747913974,Age,"EL, EDU, LS, MH"
125,RandomForest,no,0.6084807369888594,62,median,3.5051507469908665,generalization,19.36064138878563,0.6084488885034681,Age,"EL, EDU, LS, MH"
126,RandomForest,no,0.6341129627659076,63,median,3.33562774586047,validation,17.531428046015385,0.6339444802678695,Age,"EL, EDU, LS, MH"
127,RandomForest,no,0.6124248980863567,63,median,3.490793440543504,generalization,19.164043567172367,0.6124248980800443,Age,"EL, EDU, LS, MH"
128,RandomForest,no,0.6209269313700709,64,median,3.48592466415146,validation,19.414396872662014,0.620732626202678,Age,"EL, EDU, LS, MH"
129,RandomForest,no,0.6098113448285312,64,median,3.4969612046956544,generalization,19.293618334120826,0.6098043679539111,Age,"EL, EDU, LS, MH"
130,RandomForest,no,0.5578332027301216,65,median,3.658303716254,validation,21.875131333048248,0.557739805384571,Age,"EL, EDU, LS, MH"
131,RandomForest,no,0.6103403855546996,65,median,3.4966948644504257,generalization,19.26748347601508,0.6103329213491534,Age,"EL, EDU, LS, MH"
132,RandomForest,no,0.6389040668337849,66,median,3.421785536159601,validation,18.716646783042396,0.6368983955152663,Age,"EL, EDU, LS, MH"
133,RandomForest,no,0.6180975078788904,66,median,3.4597914171656687,generalization,18.888549265469067,0.6179965161828088,Age,"EL, EDU, LS, MH"
134,RandomForest,no,0.6555456549654843,67,median,3.2681221800603373,validation,17.525363589837664,0.6543888556332225,Age,"EL, EDU, LS, MH"
135,RandomForest,no,0.6131859466694303,67,median,3.485241609288533,generalization,19.12915084004761,0.6131305712968809,Age,"EL, EDU, LS, MH"
136,RandomForest,no,0.6477378863619254,68,median,3.3485885286783046,validation,17.272465556109726,0.6370094133076827,Age,"EL, EDU, LS, MH"
137,RandomForest,no,0.6153721193412618,68,median,3.4754655688622758,generalization,19.01971217265469,0.6153438673854711,Age,"EL, EDU, LS, MH"
138,RandomForest,no,0.6131976300413357,69,median,3.3890573566084794,validation,18.49261889276808,0.6122479611709631,Age,"EL, EDU, LS, MH"
139,RandomForest,no,0.613822224121183,69,median,3.4827115768463077,generalization,19.094985393213573,0.6138215359407687,Age,"EL, EDU, LS, MH"
140,RandomForest,no,0.6173349383647613,70,median,3.6908958555990963,validation,20.405052356976046,0.6168199871149483,Age,"EL, EDU, LS, MH"
141,RandomForest,no,0.6130073060961676,70,median,3.4971687577226502,generalization,19.136682504492157,0.6129782503316061,Age,"EL, EDU, LS, MH"
142,RandomForest,no,0.6029418471809993,71,median,3.480392380349503,validation,20.484787134826288,0.6028376164588076,Age,"EL, EDU, LS, MH"
143,RandomForest,no,0.6162028256721135,71,median,3.469549970273836,generalization,18.977445174296214,0.6161986784350919,Age,"EL, EDU, LS, MH"
144,RandomForest,no,0.5605301680120733,72,median,3.646814795848204,validation,21.763343384506477,0.5594201227415881,Age,"EL, EDU, LS, MH"
145,RandomForest,no,0.6170735645938676,72,median,3.4630813603798933,generalization,18.93418558325485,0.6170735637560372,Age,"EL, EDU, LS, MH"
146,RandomForest,no,0.5828463187243524,73,median,3.6578375867457975,validation,20.428674990021122,0.5826907776637062,Age,"EL, EDU, LS, MH"
147,RandomForest,no,0.6135260724992999,73,median,3.4861423651278014,generalization,19.10965408175963,0.613524875247093,Age,"EL, EDU, LS, MH"
148,RandomForest,no,0.6212735595123102,74,median,3.344745555841292,validation,17.861196864637648,0.6211717741176059,Age,"EL, EDU, LS, MH"
149,RandomForest,no,0.6124726361735595,74,median,3.492315440604738,generalization,19.16235850432907,0.6124589769215447,Age,"EL, EDU, LS, MH"
150,RandomForest,no,0.6370420844335314,75,median,3.4681734576572656,validation,18.627857997781,0.6370305023225682,Age,"EL, EDU, LS, MH"
151,RandomForest,no,0.6143454498223481,75,median,3.4902322214950265,generalization,19.069338702816037,0.6143402165944571,Age,"EL, EDU, LS, MH"
152,RandomForest,no,0.6664812796199268,76,median,3.4155087442763508,validation,18.268852959887734,0.6664604229573764,Age,"EL, EDU, LS, MH"
153,RandomForest,no,0.6113568490255017,76,median,3.4957097742337484,generalization,19.217323100835728,0.6113473686631734,Age,"EL, EDU, LS, MH"
154,RandomForest,no,0.6155665766500675,77,median,3.4332867830423943,validation,18.879905316708232,0.600326113422895,Age,"EL, EDU, LS, MH"
155,RandomForest,no,0.6121769263093766,77,median,3.483575848303393,generalization,19.179921688622752,0.6121037777216053,Age,"EL, EDU, LS, MH"
156,RandomForest,no,0.5715860642279573,78,median,3.5418852867830424,validation,20.28198216458853,0.5711434672409014,Age,"EL, EDU, LS, MH"
157,RandomForest,no,0.6141562607050816,78,median,3.4762644710578843,generalization,19.078612499001995,0.6141526626218647,Age,"EL, EDU, LS, MH"
158,RandomForest,no,0.5750214907338993,79,median,3.5664862705430767,validation,20.53767367869343,0.5741725399380948,Age,"EL, EDU, LS, MH"
159,RandomForest,no,0.6155125338894527,79,median,3.4697696790969337,generalization,19.011395838213986,0.6155120575775441,Age,"EL, EDU, LS, MH"
160,RandomForest,no,0.6209890441234495,80,median,3.511647245522557,validation,19.12406421736181,0.6208961141928961,Age,"EL, EDU, LS, MH"
161,RandomForest,no,0.6134590252809853,80,median,3.49179031439286,generalization,19.114480016414834,0.6134272751707159,Age,"EL, EDU, LS, MH"
162,RandomForest,no,0.6368392586180219,81,median,3.2352532165109893,validation,16.922097849390255,0.6367516803809425,Age,"EL, EDU, LS, MH"
163,RandomForest,no,0.6118639976333271,81,median,3.4869611114366235,generalization,19.193445743487704,0.6118302661881817,Age,"EL, EDU, LS, MH"
164,RandomForest,no,0.6160576525903956,82,median,3.502240835568227,validation,18.966158156856352,0.6125552945861181,Age,"EL, EDU, LS, MH"
165,RandomForest,no,0.6121090625554815,82,median,3.4959522158251666,generalization,19.183915391942488,0.6120230087562375,Age,"EL, EDU, LS, MH"
166,RandomForest,no,0.6109326005010653,83,median,3.5411172069825434,validation,19.293287381546133,0.6105193714336505,Age,"EL, EDU, LS, MH"
167,RandomForest,no,0.6156292989465055,83,median,3.478999001996008,generalization,19.007129153692613,0.6155983473358841,Age,"EL, EDU, LS, MH"
168,RandomForest,no,0.5606335720510633,84,median,3.5105287517113206,validation,19.405072787930752,0.5598193674122196,Age,"EL, EDU, LS, MH"
169,RandomForest,no,0.6121733900762849,84,median,3.4871454589736213,generalization,19.17648113536223,0.6121733597373179,Age,"EL, EDU, LS, MH"
170,RandomForest,no,0.5779958892455106,85,median,3.4355608304788805,validation,18.55443056054091,0.5770506511343392,Age,"EL, EDU, LS, MH"
171,RandomForest,no,0.6157170852077862,85,median,3.4753582283432456,generalization,19.001420905292076,0.615713791393808,Age,"EL, EDU, LS, MH"
172,RandomForest,no,0.6311865421808074,86,median,3.3587693785602872,validation,18.355952519970106,0.6308768621617242,Age,"EL, EDU, LS, MH"
173,RandomForest,no,0.6127586796504205,86,median,3.4913449458813983,generalization,19.148581228726766,0.6127376096107799,Age,"EL, EDU, LS, MH"
174,RandomForest,no,0.587333898441526,87,median,3.4673117206982544,validation,19.079163531172064,0.5872266608988654,Age,"EL, EDU, LS, MH"
175,RandomForest,no,0.6102605512242575,87,median,3.492853293413173,generalization,19.271983636726546,0.6102419097502552,Age,"EL, EDU, LS, MH"
176,RandomForest,no,0.5959315833429761,88,median,3.47140628172104,validation,19.835399489397226,0.5943716731841815,Age,"EL, EDU, LS, MH"
177,RandomForest,no,0.6187894389164583,88,median,3.460037105890585,generalization,18.849349900842103,0.6187892871701655,Age,"EL, EDU, LS, MH"
178,RandomForest,no,0.6234288999583284,89,median,3.4854757975099435,validation,19.275395536099992,0.6226715248073107,Age,"EL, EDU, LS, MH"
179,RandomForest,no,0.6139621088895723,89,median,3.484076384820452,generalization,19.08823237734564,0.6139581094569011,Age,"EL, EDU, LS, MH"
180,RandomForest,no,0.5905300787999693,90,median,3.3098125917372987,validation,18.066318549954136,0.5904822461588637,Age,"EL, EDU, LS, MH"
181,RandomForest,no,0.6120320005757607,90,median,3.485683301237254,generalization,19.184471758272874,0.6120117567604648,Age,"EL, EDU, LS, MH"
182,RandomForest,no,0.6405490515996148,91,median,3.4711830141993936,validation,18.32787442273236,0.6337423489666503,Age,"EL, EDU, LS, MH"
183,RandomForest,no,0.6155763730060405,91,median,3.4766775815675808,generalization,19.01834786323996,0.6153714592847803,Age,"EL, EDU, LS, MH"
184,RandomForest,no,0.6439250223747532,92,median,3.403591827479005,validation,18.53289206930455,0.6439184691584496,Age,"EL, EDU, LS, MH"
185,RandomForest,no,0.6116527684990014,92,median,3.4955888396832955,generalization,19.202724509889066,0.6116426116975678,Age,"EL, EDU, LS, MH"
186,RandomForest,no,0.6581839016291526,93,median,3.262630147975484,validation,16.7113487141034,0.6523396697673165,Age,"EL, EDU, LS, MH"
187,RandomForest,no,0.6132944824225258,93,median,3.483868939553991,generalization,19.121696708185926,0.6132813242371928,Age,"EL, EDU, LS, MH"
188,RandomForest,no,0.5783972764126089,94,median,3.8171191023779127,validation,22.190373971771717,0.5783587552007635,Age,"EL, EDU, LS, MH"
189,RandomForest,no,0.6147380528796236,94,median,3.476016379428983,generalization,19.049737365365385,0.6147366355617578,Age,"EL, EDU, LS, MH"
190,RandomForest,no,0.5952657573538649,95,median,3.5620905199771897,validation,19.8486499171404,0.594226619075165,Age,"EL, EDU, LS, MH"
191,RandomForest,no,0.6123545723912698,95,median,3.4861547359410943,generalization,19.169837484359533,0.6123077214499422,Age,"EL, EDU, LS, MH"
192,RandomForest,no,0.5064662539527972,96,median,3.7576259351620953,validation,21.27551425436409,0.5018782676510124,Age,"EL, EDU, LS, MH"
193,RandomForest,no,0.6115593741184298,96,median,3.483622754491018,generalization,19.208000079840318,0.6115359181621259,Age,"EL, EDU, LS, MH"
194,RandomForest,no,0.6460717824725174,97,median,3.201593795125828,validation,16.663538000867128,0.6447769451691322,Age,"EL, EDU, LS, MH"
195,RandomForest,no,0.6111940569176719,97,median,3.4880349821487826,generalization,19.225472272641625,0.6111825591811784,Age,"EL, EDU, LS, MH"
196,RandomForest,no,0.6076235035952295,98,median,3.3806149334846447,validation,18.629366784987102,0.6051508751321765,Age,"EL, EDU, LS, MH"
197,RandomForest,no,0.6144716535602175,98,median,3.4896471782644327,generalization,19.062869130781007,0.6144710577205518,Age,"EL, EDU, LS, MH"
198,RandomForest,no,0.6504192423779678,99,median,3.4664561870142165,validation,18.646895522181,0.6504185097999949,Age,"EL, EDU, LS, MH"
199,RandomForest,no,0.6144721769299542,99,median,3.4857404032536716,generalization,19.06405019864226,0.6144471717126174,Age,"EL, EDU, LS, MH"
