Estimator,Permuted,ev,fold,imputation_strategy,mae,model_testing,mse,r2_score,target,variable,visit
RandomForest,no,0.6722742949168955,0,median,3.3951955661124313,validation,18.10734259924634,0.6721116286315965,Age,"EL, EDU, LS, MH",third
RandomForest,no,0.6169082107987933,0,median,3.6447020225384423,generalization,20.949585176884852,0.6168438949464363,Age,"EL, EDU, LS, MH",third
RandomForest,no,0.6573760858678015,1,median,3.4393254204795025,validation,19.09314245670936,0.6560506220434105,Age,"EL, EDU, LS, MH",third
RandomForest,no,0.6117255301204112,1,median,3.682483352568292,generalization,21.24983922590891,0.6113524176222189,Age,"EL, EDU, LS, MH",third
RandomForest,no,0.5821003482059047,2,median,3.8800600819814504,validation,24.20090112313806,0.5797531110059636,Age,"EL, EDU, LS, MH",third
RandomForest,no,0.6106577893282035,2,median,3.6763164699625737,generalization,21.306397005894986,0.6103180077039809,Age,"EL, EDU, LS, MH",third
RandomForest,no,0.5960680547229245,3,median,3.707326259471384,validation,21.980913322990112,0.595089436761437,Age,"EL, EDU, LS, MH",third
RandomForest,no,0.6126180283682157,3,median,3.6674270830183566,generalization,21.183022543615362,0.6125744570814272,Age,"EL, EDU, LS, MH",third
RandomForest,no,0.6448331726097049,4,median,3.727961995249406,validation,21.756828123515444,0.6443839797619341,Age,"EL, EDU, LS, MH",third
RandomForest,no,0.6128816512569164,4,median,3.661385614625933,generalization,21.18178897859033,0.6125970182904599,Age,"EL, EDU, LS, MH",third
RandomForest,no,0.5886508847237806,5,median,3.7519797221745614,validation,22.52150404855104,0.5885807150773539,Age,"EL, EDU, LS, MH",third
RandomForest,no,0.6113523232012479,5,median,3.6761059662721487,generalization,21.260583683979828,0.6111559075400095,Age,"EL, EDU, LS, MH",third
RandomForest,no,0.5993561656672666,6,median,3.970238936640528,validation,24.48910821792513,0.5992081412017172,Age,"EL, EDU, LS, MH",third
RandomForest,no,0.6134086378074036,6,median,3.672303918157701,generalization,21.153284592596453,0.6131183474443377,Age,"EL, EDU, LS, MH",third
RandomForest,no,0.5696625695054447,7,median,3.813020104475465,validation,22.92269737656848,0.5693015028368718,Age,"EL, EDU, LS, MH",third
RandomForest,no,0.6149301656473709,7,median,3.6549049919161294,generalization,21.06517800735556,0.6147297672288077,Age,"EL, EDU, LS, MH",third
RandomForest,no,0.5792827945652603,8,median,3.6730261282660335,validation,21.929327049881234,0.5775682596843198,Age,"EL, EDU, LS, MH",third
RandomForest,no,0.6121912676014227,8,median,3.6656463796006737,generalization,21.22067800817897,0.6118857598583387,Age,"EL, EDU, LS, MH",third
RandomForest,no,0.6245880796459407,9,median,3.546668118227494,validation,19.710373157629927,0.6229728303200015,Age,"EL, EDU, LS, MH",third
RandomForest,no,0.6143360038483767,9,median,3.660466581291443,generalization,21.089509949851784,0.6142847497147841,Age,"EL, EDU, LS, MH",third
RandomForest,no,0.6221377099180512,10,median,3.6836294536817102,validation,21.66413940142517,0.6221325173098108,Age,"EL, EDU, LS, MH",third
RandomForest,no,0.609038776054432,10,median,3.6830233341351937,generalization,21.382377183545827,0.6089283730795162,Age,"EL, EDU, LS, MH",third
RandomForest,no,0.5760442427108934,11,median,3.9229374957583993,validation,23.633527067092817,0.5734246550293534,Age,"EL, EDU, LS, MH",third
RandomForest,no,0.6121163262071472,11,median,3.666635137519045,generalization,21.212743510317804,0.6120308773520922,Age,"EL, EDU, LS, MH",third
RandomForest,no,0.6334052079003094,12,median,3.618885088413829,validation,20.276176361143662,0.6325666795737885,Age,"EL, EDU, LS, MH",third
RandomForest,no,0.6165232709349484,12,median,3.6567142958329986,generalization,20.971521074858714,0.6164426997362422,Age,"EL, EDU, LS, MH",third
RandomForest,no,0.6506628761807957,13,median,3.6888551068883606,validation,20.97737904038005,0.6496830666518174,Age,"EL, EDU, LS, MH",third
RandomForest,no,0.6119829560288675,13,median,3.674705797450084,generalization,21.22951854895357,0.6117240713503725,Age,"EL, EDU, LS, MH",third
RandomForest,no,0.6011680912325309,14,median,3.8217574496860736,validation,22.49756020851583,0.601016470589657,Age,"EL, EDU, LS, MH",third
RandomForest,no,0.6089959788638275,14,median,3.6846036857556457,generalization,21.384900773465624,0.6088822180422562,Age,"EL, EDU, LS, MH",third
RandomForest,no,0.5944966165471968,15,median,3.687932895874887,validation,21.643236465496198,0.5927105334057354,Age,"EL, EDU, LS, MH",third
RandomForest,no,0.6124577701740692,15,median,3.6744867255475424,generalization,21.191432923121372,0.6124206359806114,Age,"EL, EDU, LS, MH",third
RandomForest,no,0.6327558849554847,16,median,3.587551136088515,validation,19.926037484806574,0.6327417749212594,Age,"EL, EDU, LS, MH",third
RandomForest,no,0.6117547303539695,16,median,3.6666248167863924,generalization,21.23869133291864,0.6115563063017151,Age,"EL, EDU, LS, MH",third
RandomForest,no,0.6399741988036394,17,median,3.5791244768691333,validation,20.019012996990487,0.6398124889249699,Age,"EL, EDU, LS, MH",third
RandomForest,no,0.6115002239108609,17,median,3.680656202389544,generalization,21.251945697424127,0.6113138914454779,Age,"EL, EDU, LS, MH",third
RandomForest,no,0.6526680570266203,18,median,3.7645985748218527,validation,22.3743807695962,0.6503672587498607,Age,"EL, EDU, LS, MH",third
RandomForest,no,0.614683115690565,18,median,3.650880923743084,generalization,21.07111169016117,0.6146212435146994,Age,"EL, EDU, LS, MH",third
RandomForest,no,0.6412080429661227,19,median,3.515753106803009,validation,19.473503999576995,0.6409675338441968,Age,"EL, EDU, LS, MH",third
RandomForest,no,0.6138922313413678,19,median,3.662155844768936,generalization,21.11997314029182,0.6137275951316286,Age,"EL, EDU, LS, MH",third
RandomForest,no,0.5864267132014583,20,median,3.738846700112615,validation,22.766097248338557,0.5853461846502249,Age,"EL, EDU, LS, MH",third
RandomForest,no,0.6133981261120376,20,median,3.6719941213467537,generalization,21.150290188941128,0.6131731133994553,Age,"EL, EDU, LS, MH",third
RandomForest,no,0.617006153974757,21,median,3.8109358669833733,validation,22.79147458432304,0.6169723984246461,Age,"EL, EDU, LS, MH",third
RandomForest,no,0.6073556273890821,21,median,3.692713014192928,generalization,21.47711364156844,0.6071956966586691,Age,"EL, EDU, LS, MH",third
RandomForest,no,0.6487726647845106,22,median,3.466527747786656,validation,18.84804142627746,0.6483784738875864,Age,"EL, EDU, LS, MH",third
RandomForest,no,0.6120188045320858,22,median,3.6696017934435066,generalization,21.22366168135728,0.6118311901575977,Age,"EL, EDU, LS, MH",third
RandomForest,no,0.6509360762154583,23,median,3.461259427546385,validation,19.12039213770465,0.6508987209871215,Age,"EL, EDU, LS, MH",third
RandomForest,no,0.6133379867739033,23,median,3.664998682402015,generalization,21.14728248522957,0.6132281226051053,Age,"EL, EDU, LS, MH",third
RandomForest,no,0.6728334745887632,24,median,3.6032256010537016,validation,19.557335503577253,0.6728167704599346,Age,"EL, EDU, LS, MH",third
RandomForest,no,0.6145791476833851,24,median,3.667596960763128,generalization,21.085374724144327,0.6143603806622329,Age,"EL, EDU, LS, MH",third
RandomForest,no,0.6406188796738959,25,median,3.5979940737178167,validation,19.606225616391963,0.6391284490770143,Age,"EL, EDU, LS, MH",third
RandomForest,no,0.6130533279651856,25,median,3.665544389149456,generalization,21.15953807779238,0.6130039747247611,Age,"EL, EDU, LS, MH",third
RandomForest,no,0.6308783813188816,26,median,3.773280965405668,validation,21.871693792889054,0.6272737597785187,Age,"EL, EDU, LS, MH",third
RandomForest,no,0.6115141829845161,26,median,3.67636856172988,generalization,21.242594087819434,0.6114849271142925,Age,"EL, EDU, LS, MH",third
RandomForest,no,0.6104122212498546,27,median,3.6990403800475056,validation,21.449942194774348,0.6100285339122953,Age,"EL, EDU, LS, MH",third
RandomForest,no,0.6119080477042048,27,median,3.6766254510464282,generalization,21.2236183209045,0.6118319831958396,Age,"EL, EDU, LS, MH",third
RandomForest,no,0.6597627266962912,28,median,3.425600345781986,validation,18.763948040282838,0.6596657429435242,Age,"EL, EDU, LS, MH",third
RandomForest,no,0.6114507670682717,28,median,3.680760911132919,generalization,21.25568598246645,0.6112454837401938,Age,"EL, EDU, LS, MH",third
RandomForest,no,0.6237184379251689,29,median,3.7733243159585212,validation,22.007008386904047,0.6211637572376028,Age,"EL, EDU, LS, MH",third
RandomForest,no,0.6113095503383552,29,median,3.674867296630347,generalization,21.25511426570821,0.6112559401174646,Age,"EL, EDU, LS, MH",third
RandomForest,no,0.5975067933561915,30,median,3.620598582515121,validation,21.936013556157487,0.5954002353209451,Age,"EL, EDU, LS, MH",third
RandomForest,no,0.6148196774322636,30,median,3.6571638738971,generalization,21.076686516844088,0.6145192830768129,Age,"EL, EDU, LS, MH",third
RandomForest,no,0.6330058029859809,31,median,3.824480493749953,validation,22.795265463349534,0.630631539328895,Age,"EL, EDU, LS, MH",third
RandomForest,no,0.6122631652086363,31,median,3.6764396101065184,generalization,21.203179921602405,0.6122057899993636,Age,"EL, EDU, LS, MH",third
RandomForest,no,0.638085708576293,32,median,3.7509621619140407,validation,22.010003853786987,0.6380766222734677,Age,"EL, EDU, LS, MH",third
RandomForest,no,0.61100271855177,32,median,3.675857784049753,generalization,21.27515364930468,0.6108894310862993,Age,"EL, EDU, LS, MH",third
RandomForest,no,0.6772362362428238,33,median,3.3711976970245376,validation,17.53957925986612,0.6770102343682018,Age,"EL, EDU, LS, MH",third
RandomForest,no,0.6118938971013508,33,median,3.670447534626654,generalization,21.231103734522982,0.6116950791997675,Age,"EL, EDU, LS, MH",third
RandomForest,no,0.6570516824310346,34,median,3.502208940694853,validation,19.65476365274975,0.6541776222228756,Age,"EL, EDU, LS, MH",third
RandomForest,no,0.6134998211499747,34,median,3.6662212347493774,generalization,21.13602566626165,0.6134340034793385,Age,"EL, EDU, LS, MH",third
RandomForest,no,0.6909998616978874,35,median,3.3979116421406386,validation,18.29126107298018,0.6909648755917607,Age,"EL, EDU, LS, MH",third
RandomForest,no,0.6143921832307906,35,median,3.673326998962864,generalization,21.09663360783902,0.6141544620253108,Age,"EL, EDU, LS, MH",third
RandomForest,no,0.6181745766189712,36,median,3.7312146032906126,validation,21.837749595876865,0.6142472265464605,Age,"EL, EDU, LS, MH",third
RandomForest,no,0.6122860489661182,36,median,3.6688534842593055,generalization,21.200435476793484,0.6122559843480649,Age,"EL, EDU, LS, MH",third
RandomForest,no,0.595712702948636,37,median,3.7842834381232975,validation,23.342329224976982,0.5929098834187407,Age,"EL, EDU, LS, MH",third
RandomForest,no,0.6093152560104881,37,median,3.6840927441013305,generalization,21.36281790676643,0.6092861012276003,Age,"EL, EDU, LS, MH",third
RandomForest,no,0.6487144635866496,38,median,3.6225346418497986,validation,19.944999562491635,0.6487133861976098,Age,"EL, EDU, LS, MH",third
RandomForest,no,0.6145763249139223,38,median,3.659777194996616,generalization,21.07835106894072,0.6144888393571584,Age,"EL, EDU, LS, MH",third
RandomForest,no,0.6486749781789085,39,median,3.365083067751814,validation,18.18306950336375,0.6486417106252791,Age,"EL, EDU, LS, MH",third
RandomForest,no,0.6148025354097749,39,median,3.6629801685002543,generalization,21.069891451346916,0.614643560994848,Age,"EL, EDU, LS, MH",third
RandomForest,no,0.5968752129398303,40,median,3.7367788335383927,validation,22.29711306146287,0.5968454679241486,Age,"EL, EDU, LS, MH",third
RandomForest,no,0.6142640238734215,40,median,3.664843531805941,generalization,21.09567339745388,0.6141720237320508,Age,"EL, EDU, LS, MH",third
RandomForest,no,0.5995345389404398,41,median,3.758203843662277,validation,22.147777834828524,0.5984027453697992,Age,"EL, EDU, LS, MH",third
RandomForest,no,0.6133454006466741,41,median,3.6569460539620753,generalization,21.15600869537394,0.6130685251399257,Age,"EL, EDU, LS, MH",third
RandomForest,no,0.5948357479323461,42,median,3.667073678165815,validation,22.06002615440225,0.5909246794535414,Age,"EL, EDU, LS, MH",third
RandomForest,no,0.6116995080791763,42,median,3.672900464511637,generalization,21.233155600442146,0.6116575517286007,Age,"EL, EDU, LS, MH",third
RandomForest,no,0.6413911400801873,43,median,3.696285507436967,validation,20.77208580568907,0.6413036320007552,Age,"EL, EDU, LS, MH",third
RandomForest,no,0.6097381705379139,43,median,3.6805658293572523,generalization,21.34281338694784,0.6096519726199187,Age,"EL, EDU, LS, MH",third
RandomForest,no,0.6216728038496921,44,median,3.6664458244757525,validation,21.147588558677484,0.6180217393087459,Age,"EL, EDU, LS, MH",third
RandomForest,no,0.6125256709003465,44,median,3.676433093509312,generalization,21.20107270801175,0.612244329748246,Age,"EL, EDU, LS, MH",third
RandomForest,no,0.6287037090493586,45,median,3.445403621111561,validation,18.54740887048493,0.628215879395763,Age,"EL, EDU, LS, MH",third
RandomForest,no,0.6136477473736588,45,median,3.667522897951213,generalization,21.13342714982418,0.613481528880376,Age,"EL, EDU, LS, MH",third
RandomForest,no,0.6337238479109147,46,median,3.4592126501492664,validation,19.711782428042973,0.632907503003602,Age,"EL, EDU, LS, MH",third
RandomForest,no,0.6135853657857536,46,median,3.6648878861427088,generalization,21.135020079705782,0.6134523950906658,Age,"EL, EDU, LS, MH",third
RandomForest,no,0.5950667309030401,47,median,3.584764977760272,validation,20.537659495870066,0.5939513035080486,Age,"EL, EDU, LS, MH",third
RandomForest,no,0.6127633151221523,47,median,3.672754629877342,generalization,21.18785001216509,0.6124861654025627,Age,"EL, EDU, LS, MH",third
RandomForest,no,0.6607525895010662,48,median,3.629184275427431,validation,20.309484369732022,0.659984826468307,Age,"EL, EDU, LS, MH",third
RandomForest,no,0.6160295440711379,48,median,3.650282294743956,generalization,20.998129535272398,0.6159560459926239,Age,"EL, EDU, LS, MH",third
RandomForest,no,0.6254176528693756,49,median,3.5721762374080277,validation,20.527143104766047,0.6249547852244624,Age,"EL, EDU, LS, MH",third
RandomForest,no,0.616769990493788,49,median,3.654430393391625,generalization,20.96327424598729,0.6165935295881337,Age,"EL, EDU, LS, MH",third
RandomForest,no,0.5806837448372302,50,median,3.8163554347654887,validation,23.072422306336627,0.5794342787388301,Age,"EL, EDU, LS, MH",third
RandomForest,no,0.612117187741839,50,median,3.660123977086071,generalization,21.214642255990032,0.6119961503639386,Age,"EL, EDU, LS, MH",third
RandomForest,no,0.6215618193003243,51,median,3.7229046487953847,validation,22.01068421348587,0.6215301869414722,Age,"EL, EDU, LS, MH",third
RandomForest,no,0.6129487182239353,51,median,3.6655129042235126,generalization,21.16944397734936,0.6128228014051342,Age,"EL, EDU, LS, MH",third
RandomForest,no,0.6448301335761155,52,median,3.598096734726404,validation,20.420632626952226,0.6436955535120533,Age,"EL, EDU, LS, MH",third
RandomForest,no,0.6133907379392136,52,median,3.659656808060983,generalization,21.142568796788915,0.6133143333099049,Age,"EL, EDU, LS, MH",third
RandomForest,no,0.6318513712282188,53,median,3.7712290279314913,validation,22.06533467242904,0.6313780559100717,Age,"EL, EDU, LS, MH",third
RandomForest,no,0.6123673160282523,53,median,3.6716077476385247,generalization,21.208414590519432,0.6121100508552917,Age,"EL, EDU, LS, MH",third
RandomForest,no,0.5817410344318725,54,median,3.8784498641012126,validation,23.569877056274137,0.5813324468009176,Age,"EL, EDU, LS, MH",third
RandomForest,no,0.6124968380378066,54,median,3.678152877169489,generalization,21.1953369121656,0.6123492342214009,Age,"EL, EDU, LS, MH",third
RandomForest,no,0.5621279209101775,55,median,3.8230097470517146,validation,23.656582240843086,0.5618919818102374,Age,"EL, EDU, LS, MH",third
RandomForest,no,0.6089387262875832,55,median,3.685716402993226,generalization,21.38987328683875,0.6087912735753234,Age,"EL, EDU, LS, MH",third
RandomForest,no,0.6216469771165187,56,median,3.8602893260838034,validation,23.279087358714342,0.6212672994886396,Age,"EL, EDU, LS, MH",third
RandomForest,no,0.6111825984228602,56,median,3.6746758599320555,generalization,21.26190364905273,0.6111317661227991,Age,"EL, EDU, LS, MH",third
RandomForest,no,0.6406647929423166,57,median,3.62769596199525,validation,20.801344950118764,0.6402890233570828,Age,"EL, EDU, LS, MH",third
RandomForest,no,0.6124660688872505,57,median,3.668762088044263,generalization,21.194677234544145,0.6123612993532828,Age,"EL, EDU, LS, MH",third
RandomForest,no,0.5850841866458683,58,median,3.7614156769596203,validation,22.51965290261283,0.5850362720945459,Age,"EL, EDU, LS, MH",third
RandomForest,no,0.6130253680707711,58,median,3.66158403496111,generalization,21.17194209330313,0.6127771122723548,Age,"EL, EDU, LS, MH",third
RandomForest,no,0.6566326946481761,59,median,3.547128736972384,validation,20.224274212921614,0.6549058828822595,Age,"EL, EDU, LS, MH",third
RandomForest,no,0.616360488001251,59,median,3.654214258166633,generalization,20.979432877036587,0.6162979973337444,Age,"EL, EDU, LS, MH",third
RandomForest,no,0.5903505484097251,60,median,3.6881425178147267,validation,21.989715344418048,0.5902269700163342,Age,"EL, EDU, LS, MH",third
RandomForest,no,0.6108002280272783,60,median,3.674015876834256,generalization,21.2870005677171,0.6106727576258244,Age,"EL, EDU, LS, MH",third
RandomForest,no,0.6034844370156911,61,median,3.6529861475358416,validation,22.511046941895838,0.5997894698116304,Age,"EL, EDU, LS, MH",third
RandomForest,no,0.6152787275133946,61,median,3.647960771265024,generalization,21.037301494372915,0.6152396129391986,Age,"EL, EDU, LS, MH",third
RandomForest,no,0.6398834382633485,62,median,3.85058432304038,validation,22.023359315914487,0.6397319617337719,Age,"EL, EDU, LS, MH",third
RandomForest,no,0.6160553784575601,62,median,3.6535847967284103,generalization,21.005417591532353,0.6158227515514024,Age,"EL, EDU, LS, MH",third
RandomForest,no,0.5885363054961773,63,median,3.772779097387173,validation,22.64442462707838,0.5883220832890903,Age,"EL, EDU, LS, MH",third
RandomForest,no,0.614578515093959,63,median,3.659906663459225,generalization,21.079667544864087,0.6144647617545265,Age,"EL, EDU, LS, MH",third
RandomForest,no,0.6674006642060271,64,median,3.562516126312325,validation,20.44083805956826,0.6672729930729889,Age,"EL, EDU, LS, MH",third
RandomForest,no,0.6127048897790952,64,median,3.6661809333397737,generalization,21.18409019841299,0.6125549302769417,Age,"EL, EDU, LS, MH",third
RandomForest,no,0.6133222306834575,65,median,3.647512047213235,validation,21.33111980968945,0.6128643442116185,Age,"EL, EDU, LS, MH",third
RandomForest,no,0.6098858500954947,65,median,3.6823407932623695,generalization,21.342620596894893,0.6096554986413247,Age,"EL, EDU, LS, MH",third
RandomForest,no,0.6502022478747833,66,median,3.3093396982765166,validation,17.598926233261853,0.6496066582054562,Age,"EL, EDU, LS, MH",third
RandomForest,no,0.6152309985524276,66,median,3.6583690262660356,generalization,21.041237621544976,0.6151676233917441,Age,"EL, EDU, LS, MH",third
RandomForest,no,0.6353709076764789,67,median,3.736001510899004,validation,21.457105006705234,0.6353432651421037,Age,"EL, EDU, LS, MH",third
RandomForest,no,0.6119913782941048,67,median,3.6766639264177305,generalization,21.2195267826557,0.6119068151242932,Age,"EL, EDU, LS, MH",third
RandomForest,no,0.5656889158632508,68,median,3.9804894747219546,validation,24.988969077520075,0.5653283884596914,Age,"EL, EDU, LS, MH",third
RandomForest,no,0.6110493040948548,68,median,3.668908481695712,generalization,21.28153495601601,0.61077272058325,Age,"EL, EDU, LS, MH",third
RandomForest,no,0.6610176195648378,69,median,3.5928502400508058,validation,19.527555829869534,0.6608751773634003,Age,"EL, EDU, LS, MH",third
RandomForest,no,0.6144162196351486,69,median,3.657557562558036,generalization,21.090547158045908,0.6142657797615161,Age,"EL, EDU, LS, MH",third
RandomForest,no,0.6317859339159647,70,median,3.7531591448931114,validation,22.403930679334923,0.6317303199091422,Age,"EL, EDU, LS, MH",third
RandomForest,no,0.6125203584591512,70,median,3.6693952369497236,generalization,21.19562835891268,0.6123439038246652,Age,"EL, EDU, LS, MH",third
RandomForest,no,0.6089706191173119,71,median,3.7762419779218113,validation,22.233634315853664,0.6088782131923374,Age,"EL, EDU, LS, MH",third
RandomForest,no,0.6125491585055323,71,median,3.674379035223853,generalization,21.19121195820643,0.6124246773043629,Age,"EL, EDU, LS, MH",third
RandomForest,no,0.6120322621976719,72,median,3.8172826603325416,validation,23.85636693586699,0.6116971938306127,Age,"EL, EDU, LS, MH",third
RandomForest,no,0.6116994807782703,72,median,3.668057733942747,generalization,21.234976950685596,0.6116242402592172,Age,"EL, EDU, LS, MH",third
RandomForest,no,0.6005680649521028,73,median,3.8022559898041677,validation,22.71498906975824,0.5993333635493547,Age,"EL, EDU, LS, MH",third
RandomForest,no,0.6115310893529076,73,median,3.668638797631194,generalization,21.252137864397355,0.6113103768198488,Age,"EL, EDU, LS, MH",third
RandomForest,no,0.6284007439531913,74,median,3.573025793288263,validation,20.653960143174103,0.628090622399939,Age,"EL, EDU, LS, MH",third
RandomForest,no,0.6108251724062124,74,median,3.6788657007333936,generalization,21.284843233635925,0.6107122140502291,Age,"EL, EDU, LS, MH",third
RandomForest,no,0.5864789371752577,75,median,3.6529026128266033,validation,22.17059536342043,0.5864412475735563,Age,"EL, EDU, LS, MH",third
RandomForest,no,0.6168487531622475,75,median,3.6530582369278544,generalization,20.954517330695808,0.6167536886331476,Age,"EL, EDU, LS, MH",third
RandomForest,no,0.5888415801708429,76,median,3.741931370434192,validation,22.466641450446893,0.5876163854740817,Age,"EL, EDU, LS, MH",third
RandomForest,no,0.6133922395302346,76,median,3.66332254263144,generalization,21.141808036922946,0.6133282471790658,Age,"EL, EDU, LS, MH",third
RandomForest,no,0.5970283300249684,77,median,3.869691211401425,validation,23.593018489311167,0.596781562672156,Age,"EL, EDU, LS, MH",third
RandomForest,no,0.6126081105786563,77,median,3.674930959826799,generalization,21.190306717344235,0.6124412336495109,Age,"EL, EDU, LS, MH",third
RandomForest,no,0.5942131982544994,78,median,3.803322402443163,validation,22.020710099849246,0.5942124413270147,Age,"EL, EDU, LS, MH",third
RandomForest,no,0.6123908145210919,78,median,3.666882917432179,generalization,21.202883963386324,0.6122112029083244,Age,"EL, EDU, LS, MH",third
RandomForest,no,0.6465814985873723,79,median,3.601035629453681,validation,20.355058888361047,0.6458121570966845,Age,"EL, EDU, LS, MH",third
RandomForest,no,0.6132212248998005,79,median,3.668676449362522,generalization,21.150405719509266,0.6131710004104809,Age,"EL, EDU, LS, MH",third
RandomForest,no,0.5909713139154327,80,median,3.794610487720377,validation,23.19278225035801,0.5909504129853733,Age,"EL, EDU, LS, MH",third
RandomForest,no,0.6153815576204843,80,median,3.662662694022977,generalization,21.0377073963098,0.6152321892215519,Age,"EL, EDU, LS, MH",third
RandomForest,no,0.6278690616434904,81,median,3.666455692944812,validation,21.58544360180203,0.6278507909915365,Age,"EL, EDU, LS, MH",third
RandomForest,no,0.6101160383606593,81,median,3.6742937356222543,generalization,21.32379464399406,0.6099998147089938,Age,"EL, EDU, LS, MH",third
RandomForest,no,0.5847093690097733,82,median,3.8795160176089336,validation,23.728933496498804,0.5829729086322069,Age,"EL, EDU, LS, MH",third
RandomForest,no,0.6105067178400889,82,median,3.6870590219010464,generalization,21.310810513563016,0.6102372871363216,Age,"EL, EDU, LS, MH",third
RandomForest,no,0.6100091761908779,83,median,3.793537381910036,validation,22.96410746477677,0.609983837457275,Age,"EL, EDU, LS, MH",third
RandomForest,no,0.6129435941991961,83,median,3.6669578868250032,generalization,21.169471975399052,0.6128222893365859,Age,"EL, EDU, LS, MH",third
RandomForest,no,0.6123159821095087,84,median,3.835486935866984,validation,23.160445605700712,0.6123140832180973,Age,"EL, EDU, LS, MH",third
RandomForest,no,0.6147015062815251,84,median,3.6628924705316335,generalization,21.076481820543663,0.6145230268567745,Age,"EL, EDU, LS, MH",third
RandomForest,no,0.6005647054071516,85,median,3.562572921615202,validation,20.316910830973875,0.6004076505574623,Age,"EL, EDU, LS, MH",third
RandomForest,no,0.6129763455054851,85,median,3.672741346590757,generalization,21.16580149696962,0.6128894203182653,Age,"EL, EDU, LS, MH",third
RandomForest,no,0.6029649617026263,86,median,3.6587030878859865,validation,21.705460169833728,0.6016666967666447,Age,"EL, EDU, LS, MH",third
RandomForest,no,0.6141496898631712,86,median,3.6576703585932817,generalization,21.098413396448947,0.6141219106947788,Age,"EL, EDU, LS, MH",third
RandomForest,no,0.5567454322470834,87,median,3.809657012299031,validation,24.932331587386198,0.5565593643400479,Age,"EL, EDU, LS, MH",third
RandomForest,no,0.6159735702083791,87,median,3.6492285245401366,generalization,21.00158727734448,0.6158928058390156,Age,"EL, EDU, LS, MH",third
RandomForest,no,0.5798854992840522,88,median,3.762990060697875,validation,22.664864873113913,0.5774834906827145,Age,"EL, EDU, LS, MH",third
RandomForest,no,0.6142980241909906,88,median,3.6637345509736607,generalization,21.10783822638633,0.6139495358673486,Age,"EL, EDU, LS, MH",third
RandomForest,no,0.6537269981588376,89,median,3.4540705551156847,validation,19.2915040523054,0.6534428854535455,Age,"EL, EDU, LS, MH",third
RandomForest,no,0.6132756919814687,89,median,3.6673748760916176,generalization,21.15685503190899,0.6130530461217211,Age,"EL, EDU, LS, MH",third
RandomForest,no,0.6411418162888289,90,median,3.670885541736837,validation,21.28725184680795,0.6409293338141195,Age,"EL, EDU, LS, MH",third
RandomForest,no,0.6151934969406986,90,median,3.6578581665063705,generalization,21.048759551379725,0.6150300515346578,Age,"EL, EDU, LS, MH",third
RandomForest,no,0.577547079325966,91,median,3.7920285035629457,validation,23.63683925890736,0.5764268639065266,Age,"EL, EDU, LS, MH",third
RandomForest,no,0.6159477151051761,91,median,3.6517315371662256,generalization,21.01756044840029,0.6156006655433762,Age,"EL, EDU, LS, MH",third
RandomForest,no,0.6262231220933122,92,median,3.7062897862232784,validation,21.940544038004752,0.6239681737436302,Age,"EL, EDU, LS, MH",third
RandomForest,no,0.6154745744221544,92,median,3.6584469569401006,generalization,21.02808195525619,0.6154082331132271,Age,"EL, EDU, LS, MH",third
RandomForest,no,0.6553895640388444,93,median,3.472418052256532,validation,19.20043637054632,0.6533753619939542,Age,"EL, EDU, LS, MH",third
RandomForest,no,0.6136498173659737,93,median,3.6631031994226606,generalization,21.14336906807794,0.6132996967990861,Age,"EL, EDU, LS, MH",third
RandomForest,no,0.6185178033381227,94,median,3.6040840623586985,validation,20.1048843102834,0.6172716616148033,Age,"EL, EDU, LS, MH",third
RandomForest,no,0.6105387043178786,94,median,3.669393545293442,generalization,21.29919842542265,0.6104496656834782,Age,"EL, EDU, LS, MH",third
RandomForest,no,0.6032036639070536,95,median,3.7734423330694122,validation,22.27392628537228,0.6028817925036754,Age,"EL, EDU, LS, MH",third
RandomForest,no,0.6138857957392834,95,median,3.665387418811643,generalization,21.12457036287675,0.6136435145216865,Age,"EL, EDU, LS, MH",third
RandomForest,no,0.5983901644432867,96,median,3.7702326170194826,validation,22.63887872082184,0.5944118917870531,Age,"EL, EDU, LS, MH",third
RandomForest,no,0.6129876561913978,96,median,3.6690518149994,generalization,21.162848078990592,0.6129434366684645,Age,"EL, EDU, LS, MH",third
RandomForest,no,0.6409176936766579,97,median,3.4992437086676844,validation,19.66963658635104,0.6408675489358969,Age,"EL, EDU, LS, MH",third
RandomForest,no,0.6141802136721135,97,median,3.6606166796890096,generalization,21.101147805214442,0.6140718998996549,Age,"EL, EDU, LS, MH",third
RandomForest,no,0.6470769896040509,98,median,3.602227764523402,validation,21.050712190229273,0.6470704319959368,Age,"EL, EDU, LS, MH",third
RandomForest,no,0.6125259512596588,98,median,3.6745339187378816,generalization,21.193878573158415,0.6123759064198775,Age,"EL, EDU, LS, MH",third
RandomForest,no,0.5791840460675384,99,median,3.786411178334562,validation,23.007930945485512,0.577917381234331,Age,"EL, EDU, LS, MH",third
RandomForest,no,0.6142348336110968,99,median,3.657879576068837,generalization,21.10692356175025,0.6139662645680093,Age,"EL, EDU, LS, MH",third
RandomForest,no,0.15401175584623014,0,median,1.5263062206685354,validation,3.592852482811185,0.15350340312233346,Fluid intelligence,"EL, EDU, LS, MH, AS",third
RandomForest,no,0.19089346339539304,0,median,1.5400636884526369,generalization,3.6512959923765145,0.19045757864395552,Fluid intelligence,"EL, EDU, LS, MH, AS",third
RandomForest,no,0.13892576591901085,1,median,1.5462150854419836,validation,3.663956666639644,0.13892335005107947,Fluid intelligence,"EL, EDU, LS, MH, AS",third
RandomForest,no,0.18638144565376347,1,median,1.545276812723416,generalization,3.672529896958205,0.18574973064538325,Fluid intelligence,"EL, EDU, LS, MH, AS",third
RandomForest,no,0.1530578448656149,2,median,1.5340411673816317,validation,3.6089939870730086,0.14732009834624982,Fluid intelligence,"EL, EDU, LS, MH, AS",third
RandomForest,no,0.19129912386931305,2,median,1.5390531355764734,generalization,3.652426980132904,0.19020682313995296,Fluid intelligence,"EL, EDU, LS, MH, AS",third
RandomForest,no,0.15138580737414364,3,median,1.4936654295537402,validation,3.456835098513188,0.15098564170046513,Fluid intelligence,"EL, EDU, LS, MH, AS",third
RandomForest,no,0.18979776021593264,3,median,1.5406639891840914,generalization,3.6561190234747567,0.18938824647211894,Fluid intelligence,"EL, EDU, LS, MH, AS",third
RandomForest,no,0.17880797328026687,4,median,1.4302096195094145,validation,3.2522747408978336,0.1780716598773846,Fluid intelligence,"EL, EDU, LS, MH, AS",third
RandomForest,no,0.18895301313460652,4,median,1.5425268974148778,generalization,3.6599826932322235,0.18853161787303785,Fluid intelligence,"EL, EDU, LS, MH, AS",third
RandomForest,no,0.19670639282769095,5,median,1.5417838198412777,validation,3.69131814279055,0.19547856798118626,Fluid intelligence,"EL, EDU, LS, MH, AS",third
RandomForest,no,0.1898267313217421,5,median,1.5415650114539927,generalization,3.6569126587636713,0.1892122866390068,Fluid intelligence,"EL, EDU, LS, MH, AS",third
RandomForest,no,0.11937168541721765,6,median,1.5972439579130966,validation,3.8423091954913575,0.11937143861584774,Fluid intelligence,"EL, EDU, LS, MH, AS",third
RandomForest,no,0.18694639891608889,6,median,1.5428385207963131,generalization,3.6693989791040433,0.1864438980933296,Fluid intelligence,"EL, EDU, LS, MH, AS",third
RandomForest,no,0.14487361946083488,7,median,1.6294597485520206,validation,3.9031995535074295,0.14459088158526034,Fluid intelligence,"EL, EDU, LS, MH, AS",third
RandomForest,no,0.17850830741387969,7,median,1.559256354406577,generalization,3.7080986829028415,0.17786364275811362,Fluid intelligence,"EL, EDU, LS, MH, AS",third
RandomForest,no,0.1431455805494838,8,median,1.4154688833019244,validation,3.298066656329484,0.1427841502896322,Fluid intelligence,"EL, EDU, LS, MH, AS",third
RandomForest,no,0.19285298771203066,8,median,1.5364586817585189,generalization,3.64254813758708,0.1923970980810804,Fluid intelligence,"EL, EDU, LS, MH, AS",third
RandomForest,no,0.14200663050848272,9,median,1.4181190514941648,validation,3.231942483304683,0.14074233089820098,Fluid intelligence,"EL, EDU, LS, MH, AS",third
RandomForest,no,0.19393477516341384,9,median,1.5373252066643337,generalization,3.6372778315484497,0.1935655972443111,Fluid intelligence,"EL, EDU, LS, MH, AS",third
RandomForest,no,0.12595132886590887,10,median,1.5744800287098333,validation,3.853171913740788,0.12499449945633312,Fluid intelligence,"EL, EDU, LS, MH, AS",third
RandomForest,no,0.18852054439098032,10,median,1.5411046393484005,generalization,3.662561054562491,0.18795995978812952,Fluid intelligence,"EL, EDU, LS, MH, AS",third
RandomForest,no,0.2259181773311827,11,median,1.458082664553586,validation,3.28703652324852,0.2254112404677189,Fluid intelligence,"EL, EDU, LS, MH, AS",third
RandomForest,no,0.19169645652308565,11,median,1.5394951230902985,generalization,3.648704577022603,0.19103213098502148,Fluid intelligence,"EL, EDU, LS, MH, AS",third
RandomForest,no,0.1820427507481233,12,median,1.5361319293808078,validation,3.510430179374206,0.1820020359197088,Fluid intelligence,"EL, EDU, LS, MH, AS",third
RandomForest,no,0.19467078689504447,12,median,1.5369193287922538,generalization,3.6359826185435713,0.19385276373925708,Fluid intelligence,"EL, EDU, LS, MH, AS",third
RandomForest,no,0.20850206536659588,13,median,1.5044145405804128,validation,3.518762668815435,0.20216729838466152,Fluid intelligence,"EL, EDU, LS, MH, AS",third
RandomForest,no,0.19021464103290564,13,median,1.5416233980329572,generalization,3.65626928900344,0.18935493054259966,Fluid intelligence,"EL, EDU, LS, MH, AS",third
RandomForest,no,0.15047462221279406,14,median,1.4441222020189517,validation,3.0643466026197377,0.14949426991965942,Fluid intelligence,"EL, EDU, LS, MH, AS",third
RandomForest,no,0.1932094718231382,14,median,1.5378891978658302,generalization,3.640840263930155,0.1927757571047487,Fluid intelligence,"EL, EDU, LS, MH, AS",third
RandomForest,no,0.15193821025302845,15,median,1.5164865668089158,validation,3.5884585156665016,0.1505663019188439,Fluid intelligence,"EL, EDU, LS, MH, AS",third
RandomForest,no,0.1914580726094536,15,median,1.539874566511385,generalization,3.6506403476816423,0.19060294406898384,Fluid intelligence,"EL, EDU, LS, MH, AS",third
RandomForest,no,0.1439221396356869,16,median,1.5852217559034238,validation,3.822684857496605,0.14347994292589727,Fluid intelligence,"EL, EDU, LS, MH, AS",third
RandomForest,no,0.19440395534686586,16,median,1.5371364191266952,generalization,3.635713709825219,0.1939123844918429,Fluid intelligence,"EL, EDU, LS, MH, AS",third
RandomForest,no,0.19178763758271256,17,median,1.4779545897674131,validation,3.403149956961052,0.1871555841703293,Fluid intelligence,"EL, EDU, LS, MH, AS",third
RandomForest,no,0.1923043160936936,17,median,1.5387051993887175,generalization,3.6442790703204095,0.1920133265437768,Fluid intelligence,"EL, EDU, LS, MH, AS",third
RandomForest,no,0.1864287929468157,18,median,1.5893728287178546,validation,4.101640151846462,0.18271992203188406,Fluid intelligence,"EL, EDU, LS, MH, AS",third
RandomForest,no,0.18831354900347694,18,median,1.5423217595658385,generalization,3.661924177065487,0.1881011642678836,Fluid intelligence,"EL, EDU, LS, MH, AS",third
RandomForest,no,0.12284813062634635,19,median,1.5663457174356599,validation,3.705655104865488,0.12279392088316544,Fluid intelligence,"EL, EDU, LS, MH, AS",third
RandomForest,no,0.1928542383645505,19,median,1.5376676915262666,generalization,3.642689545528075,0.1923657460002872,Fluid intelligence,"EL, EDU, LS, MH, AS",third
RandomForest,no,0.11042696358054792,20,median,1.6303575862839932,validation,3.8942729138468533,0.11000974089974468,Fluid intelligence,"EL, EDU, LS, MH, AS",third
RandomForest,no,0.19178033091630664,20,median,1.5386619498211926,generalization,3.6476816536791903,0.1912589271259033,Fluid intelligence,"EL, EDU, LS, MH, AS",third
RandomForest,no,0.23193626254706826,21,median,1.514366492677271,validation,3.487023786526718,0.2299692969445366,Fluid intelligence,"EL, EDU, LS, MH, AS",third
RandomForest,no,0.18723835607269668,21,median,1.5444010146939924,generalization,3.6674884470742,0.18686748925897245,Fluid intelligence,"EL, EDU, LS, MH, AS",third
RandomForest,no,0.11940878841004132,22,median,1.5387906351984262,validation,3.698361497829169,0.11938308542203735,Fluid intelligence,"EL, EDU, LS, MH, AS",third
RandomForest,no,0.18912450950501225,22,median,1.5403680396352324,generalization,3.65973841412063,0.18858577790385944,Fluid intelligence,"EL, EDU, LS, MH, AS",third
RandomForest,no,0.2004088824741228,23,median,1.4889692975105149,validation,3.490013863070124,0.1978328538136188,Fluid intelligence,"EL, EDU, LS, MH, AS",third
RandomForest,no,0.18944645257763396,23,median,1.5397308504574387,generalization,3.657680715760733,0.1890419978641612,Fluid intelligence,"EL, EDU, LS, MH, AS",third
RandomForest,no,0.14789561336265078,24,median,1.5265554823377352,validation,3.5896045179683322,0.14725651210678448,Fluid intelligence,"EL, EDU, LS, MH, AS",third
RandomForest,no,0.19241023404931745,24,median,1.5367664152562144,generalization,3.6455187426255216,0.19173847418404955,Fluid intelligence,"EL, EDU, LS, MH, AS",third
RandomForest,no,0.1549350753858898,25,median,1.5201680688767532,validation,3.519779237651567,0.15487743863170667,Fluid intelligence,"EL, EDU, LS, MH, AS",third
RandomForest,no,0.19265010683278885,25,median,1.536021151481292,generalization,3.643794937481165,0.19212066543707906,Fluid intelligence,"EL, EDU, LS, MH, AS",third
RandomForest,no,0.15242881384174556,26,median,1.5954583993103482,validation,3.9793082657817846,0.15089163873360378,Fluid intelligence,"EL, EDU, LS, MH, AS",third
RandomForest,no,0.1822166565090524,26,median,1.5479027849966989,generalization,3.69011008890768,0.1818519608703784,Fluid intelligence,"EL, EDU, LS, MH, AS",third
RandomForest,no,0.1575376887179113,27,median,1.4408197750427392,validation,3.2080475629352243,0.15098451263942214,Fluid intelligence,"EL, EDU, LS, MH, AS",third
RandomForest,no,0.1892501478763732,27,median,1.5432317733593046,generalization,3.661423650231465,0.18821213793477165,Fluid intelligence,"EL, EDU, LS, MH, AS",third
RandomForest,no,0.13959044154398625,28,median,1.6019397426201225,validation,3.821963801592612,0.13958871730240774,Fluid intelligence,"EL, EDU, LS, MH, AS",third
RandomForest,no,0.1816519641661568,28,median,1.5549078743597842,generalization,3.693299365762479,0.18114485443124015,Fluid intelligence,"EL, EDU, LS, MH, AS",third
RandomForest,no,0.17048641017917732,29,median,1.5211724214169282,validation,3.4736283174153897,0.16889266125928934,Fluid intelligence,"EL, EDU, LS, MH, AS",third
RandomForest,no,0.18999989561175568,29,median,1.5413337958521856,generalization,3.6575234917364874,0.1890768565876253,Fluid intelligence,"EL, EDU, LS, MH, AS",third
RandomForest,no,0.20048603075629826,30,median,1.5218896883056303,validation,3.6024017166560447,0.19945173130655086,Fluid intelligence,"EL, EDU, LS, MH, AS",third
RandomForest,no,0.18451548197478876,30,median,1.5444145299623884,generalization,3.6796301569232863,0.18417550558765292,Fluid intelligence,"EL, EDU, LS, MH, AS",third
RandomForest,no,0.20403411166933205,31,median,1.4982647007400332,validation,3.5395069714213463,0.20203495485563014,Fluid intelligence,"EL, EDU, LS, MH, AS",third
RandomForest,no,0.18304971505786535,31,median,1.5521717811931763,generalization,3.6880418391496095,0.1823105202204317,Fluid intelligence,"EL, EDU, LS, MH, AS",third
RandomForest,no,0.17767421712911724,32,median,1.5352685919996758,validation,3.5821320166981856,0.1756121410798922,Fluid intelligence,"EL, EDU, LS, MH, AS",third
RandomForest,no,0.19142109914006644,32,median,1.5386830006536292,generalization,3.650332459531668,0.1906712070964014,Fluid intelligence,"EL, EDU, LS, MH, AS",third
RandomForest,no,0.14860367291837406,33,median,1.606819643150874,validation,4.1026356358267835,0.14843243987064658,Fluid intelligence,"EL, EDU, LS, MH, AS",third
RandomForest,no,0.1873028149571414,33,median,1.5413530002411815,generalization,3.6683688335577984,0.1866722954956761,Fluid intelligence,"EL, EDU, LS, MH, AS",third
RandomForest,no,0.20947349819031624,34,median,1.5451003544212234,validation,3.728458669642448,0.2062719583818613,Fluid intelligence,"EL, EDU, LS, MH, AS",third
RandomForest,no,0.1893825326977332,34,median,1.5430426033842035,generalization,3.660037603707627,0.1885194434672081,Fluid intelligence,"EL, EDU, LS, MH, AS",third
RandomForest,no,0.1866494087066617,35,median,1.5507297614180366,validation,3.712463714594211,0.18622271593716264,Fluid intelligence,"EL, EDU, LS, MH, AS",third
RandomForest,no,0.19231017726558086,35,median,1.5390336107559577,generalization,3.6459948963093862,0.19163290437897784,Fluid intelligence,"EL, EDU, LS, MH, AS",third
RandomForest,no,0.18457791864557715,36,median,1.5044075359959432,validation,3.6126062999386983,0.1836152953951672,Fluid intelligence,"EL, EDU, LS, MH, AS",third
RandomForest,no,0.1877639554078132,36,median,1.5427809111797397,generalization,3.6651154038189984,0.18739362550944616,Fluid intelligence,"EL, EDU, LS, MH, AS",third
RandomForest,no,0.20415181093534274,37,median,1.51039251281719,validation,3.5572335601535428,0.20414680663458692,Fluid intelligence,"EL, EDU, LS, MH, AS",third
RandomForest,no,0.19128521697283352,37,median,1.5400362377964871,generalization,3.650014582215196,0.19074168485909404,Fluid intelligence,"EL, EDU, LS, MH, AS",third
RandomForest,no,0.1991072834655664,38,median,1.5417569405810745,validation,3.666756708051058,0.1961184761845135,Fluid intelligence,"EL, EDU, LS, MH, AS",third
RandomForest,no,0.18911203046780545,38,median,1.5426566270564532,generalization,3.6587502760509176,0.1888048616722693,Fluid intelligence,"EL, EDU, LS, MH, AS",third
RandomForest,no,0.10931493354961852,39,median,1.5387300931760437,validation,3.817300406582569,0.10908042800676687,Fluid intelligence,"EL, EDU, LS, MH, AS",third
RandomForest,no,0.19146364463566048,39,median,1.5399619418412425,generalization,3.6485730794234104,0.19106128580705614,Fluid intelligence,"EL, EDU, LS, MH, AS",third
RandomForest,no,0.19393436742966585,40,median,1.4707244248004474,validation,3.4838755500539205,0.1927322156820077,Fluid intelligence,"EL, EDU, LS, MH, AS",third
RandomForest,no,0.19230527304943512,40,median,1.5360678233572176,generalization,3.6447472537645353,0.1919095238502163,Fluid intelligence,"EL, EDU, LS, MH, AS",third
RandomForest,no,0.20620566557506725,41,median,1.4608172257728809,validation,3.290128040066872,0.2057942336404596,Fluid intelligence,"EL, EDU, LS, MH, AS",third
RandomForest,no,0.19096849220469925,41,median,1.5398828628230312,generalization,3.6521858099154416,0.19026029388628815,Fluid intelligence,"EL, EDU, LS, MH, AS",third
RandomForest,no,0.17057116753604928,42,median,1.4938616881250302,validation,3.4993652755980498,0.17057022010180278,Fluid intelligence,"EL, EDU, LS, MH, AS",third
RandomForest,no,0.18606711126342199,42,median,1.5434892379412208,generalization,3.673301822964043,0.1855785840582048,Fluid intelligence,"EL, EDU, LS, MH, AS",third
RandomForest,no,0.1399065596680612,43,median,1.5087972160474583,validation,3.622869442965505,0.12872494478805796,Fluid intelligence,"EL, EDU, LS, MH, AS",third
RandomForest,no,0.1904034246841254,43,median,1.5393539509847012,generalization,3.652232484788224,0.19024994542656126,Fluid intelligence,"EL, EDU, LS, MH, AS",third
RandomForest,no,0.17829088243219438,44,median,1.5663226451039944,validation,3.6518852376915087,0.1778167146221904,Fluid intelligence,"EL, EDU, LS, MH, AS",third
RandomForest,no,0.19003569938220424,44,median,1.5416593019226668,generalization,3.6552049676683014,0.1895909051862733,Fluid intelligence,"EL, EDU, LS, MH, AS",third
RandomForest,no,0.17339420806249728,45,median,1.5904874718900512,validation,3.9489325408735576,0.17208691748821225,Fluid intelligence,"EL, EDU, LS, MH, AS",third
RandomForest,no,0.19356535681553064,45,median,1.5400479379917098,generalization,3.6403152791787634,0.19289215342750746,Fluid intelligence,"EL, EDU, LS, MH, AS",third
RandomForest,no,0.14178764279196387,46,median,1.6149620356863306,validation,4.0406673903887365,0.14175403381840934,Fluid intelligence,"EL, EDU, LS, MH, AS",third
RandomForest,no,0.19231700151691256,46,median,1.5394661975292991,generalization,3.645341360287015,0.1917778022823794,Fluid intelligence,"EL, EDU, LS, MH, AS",third
RandomForest,no,0.16033782879395686,47,median,1.594348085233335,validation,4.018678624974395,0.1602020654729862,Fluid intelligence,"EL, EDU, LS, MH, AS",third
RandomForest,no,0.19094567265778767,47,median,1.5387027786939922,generalization,3.651546275983507,0.19040208733411568,Fluid intelligence,"EL, EDU, LS, MH, AS",third
RandomForest,no,0.17325095301044735,48,median,1.503318935410254,validation,3.4256094586233066,0.1638456285415687,Fluid intelligence,"EL, EDU, LS, MH, AS",third
RandomForest,no,0.19390455905222093,48,median,1.538359911611689,generalization,3.6406219432342284,0.19282416179863848,Fluid intelligence,"EL, EDU, LS, MH, AS",third
RandomForest,no,0.15499612439118726,49,median,1.582003312534168,validation,3.8623166337996455,0.1521101075203648,Fluid intelligence,"EL, EDU, LS, MH, AS",third
RandomForest,no,0.19169375922709495,49,median,1.5394214353849762,generalization,3.646650115603616,0.19148763327110885,Fluid intelligence,"EL, EDU, LS, MH, AS",third
RandomForest,no,0.20152468124662826,50,median,1.6159941589115938,validation,3.9418910097590825,0.1956834969668707,Fluid intelligence,"EL, EDU, LS, MH, AS",third
RandomForest,no,0.18925052257941727,50,median,1.541143236750153,generalization,3.6610097485089312,0.18830390562584987,Fluid intelligence,"EL, EDU, LS, MH, AS",third
RandomForest,no,0.16759988718952934,51,median,1.4173739614565957,validation,3.1491804856717374,0.16050430384288228,Fluid intelligence,"EL, EDU, LS, MH, AS",third
RandomForest,no,0.1918645433982714,51,median,1.5408454560025815,generalization,3.650034050340575,0.19073736850857315,Fluid intelligence,"EL, EDU, LS, MH, AS",third
RandomForest,no,0.15296634548651056,52,median,1.5877649081975411,validation,3.8207442133635263,0.15141546124967775,Fluid intelligence,"EL, EDU, LS, MH, AS",third
RandomForest,no,0.18849031985454312,52,median,1.5405010178594831,generalization,3.6640490677428037,0.18763004684885665,Fluid intelligence,"EL, EDU, LS, MH, AS",third
RandomForest,no,0.13191340384549732,53,median,1.5467619715576346,validation,3.603041930202685,0.1294369417589738,Fluid intelligence,"EL, EDU, LS, MH, AS",third
RandomForest,no,0.19047751473241947,53,median,1.5399019190123944,generalization,3.6529094207172514,0.1900998594427812,Fluid intelligence,"EL, EDU, LS, MH, AS",third
RandomForest,no,0.2096579241537826,54,median,1.5411324194913059,validation,3.6195740396532767,0.2054857065479737,Fluid intelligence,"EL, EDU, LS, MH, AS",third
RandomForest,no,0.18818206815193367,54,median,1.5437916324478709,generalization,3.6625778578933916,0.18795623425910835,Fluid intelligence,"EL, EDU, LS, MH, AS",third
RandomForest,no,0.11347048031049302,55,median,1.4854274843603412,validation,3.54550637995858,0.11172146525637472,Fluid intelligence,"EL, EDU, LS, MH, AS",third
RandomForest,no,0.18676676295884986,55,median,1.542601977156092,generalization,3.6693792778550542,0.18644826613055365,Fluid intelligence,"EL, EDU, LS, MH, AS",third
RandomForest,no,0.19003085838694503,56,median,1.5068449715102554,validation,3.412347204410823,0.1895567934616268,Fluid intelligence,"EL, EDU, LS, MH, AS",third
RandomForest,no,0.19377497862489312,56,median,1.5363973328180058,generalization,3.638511919923086,0.19329198291858785,Fluid intelligence,"EL, EDU, LS, MH, AS",third
RandomForest,no,0.20090252469347047,57,median,1.5299369454759681,validation,3.6288694479207093,0.20090192695267614,Fluid intelligence,"EL, EDU, LS, MH, AS",third
RandomForest,no,0.1830200290370908,57,median,1.5444128913683934,generalization,3.688036873406715,0.1823116211937672,Fluid intelligence,"EL, EDU, LS, MH, AS",third
RandomForest,no,0.1763054442552897,58,median,1.4945089997572496,validation,3.452840889394482,0.16934964441704092,Fluid intelligence,"EL, EDU, LS, MH, AS",third
RandomForest,no,0.1966473827131088,58,median,1.5357095455093854,generalization,3.628672548658205,0.1954735065351404,Fluid intelligence,"EL, EDU, LS, MH, AS",third
RandomForest,no,0.17023229913976545,59,median,1.397666008886531,validation,3.141475719062312,0.16956262017765664,Fluid intelligence,"EL, EDU, LS, MH, AS",third
RandomForest,no,0.19144697676920894,59,median,1.5381220924747048,generalization,3.6489724739775538,0.19097273455426444,Fluid intelligence,"EL, EDU, LS, MH, AS",third
RandomForest,no,0.1934054210623103,60,median,1.584558885384521,validation,3.92435672300666,0.1933907404166616,Fluid intelligence,"EL, EDU, LS, MH, AS",third
RandomForest,no,0.18739079193278108,60,median,1.5448415439753789,generalization,3.6680435525522403,0.18674441475782588,Fluid intelligence,"EL, EDU, LS, MH, AS",third
RandomForest,no,0.17217290888673842,61,median,1.5638141520361222,validation,3.7635436740549904,0.17088534745011366,Fluid intelligence,"EL, EDU, LS, MH, AS",third
RandomForest,no,0.1879908797182629,61,median,1.5425951360826309,generalization,3.666030081600251,0.18719082889494487,Fluid intelligence,"EL, EDU, LS, MH, AS",third
RandomForest,no,0.17962473672226187,62,median,1.5730392296342517,validation,3.7480311847244905,0.16935735355167705,Fluid intelligence,"EL, EDU, LS, MH, AS",third
RandomForest,no,0.19278895711595626,62,median,1.5382322798224983,generalization,3.6416427010301153,0.192597845789357,Fluid intelligence,"EL, EDU, LS, MH, AS",third
RandomForest,no,0.18469370856406309,63,median,1.5685812455762136,validation,3.714331230818796,0.18459717145601864,Fluid intelligence,"EL, EDU, LS, MH, AS",third
RandomForest,no,0.1924719170746988,63,median,1.539567646689232,generalization,3.6443724956649683,0.1919926128629884,Fluid intelligence,"EL, EDU, LS, MH, AS",third
RandomForest,no,0.12690062079711828,64,median,1.6396154351107386,validation,4.062003076523188,0.12077273524995336,Fluid intelligence,"EL, EDU, LS, MH, AS",third
RandomForest,no,0.18773815796109766,64,median,1.5424643189215017,generalization,3.6644018446745714,0.1875518313625916,Fluid intelligence,"EL, EDU, LS, MH, AS",third
RandomForest,no,0.2016456301602767,65,median,1.4153456782819327,validation,3.10351189959286,0.2008821833848992,Fluid intelligence,"EL, EDU, LS, MH, AS",third
RandomForest,no,0.1911792618501511,65,median,1.5391968575021755,generalization,3.6510597295041465,0.1905099613645493,Fluid intelligence,"EL, EDU, LS, MH, AS",third
RandomForest,no,0.1813460125952896,66,median,1.4719908829340909,validation,3.383849409670222,0.17983314705350506,Fluid intelligence,"EL, EDU, LS, MH, AS",third
RandomForest,no,0.1912391115807095,66,median,1.5410035375843063,generalization,3.650913993765776,0.19054227297740256,Fluid intelligence,"EL, EDU, LS, MH, AS",third
RandomForest,no,0.1500254413851888,67,median,1.5527230895524549,validation,3.657001304771777,0.14932217209742615,Fluid intelligence,"EL, EDU, LS, MH, AS",third
RandomForest,no,0.1918176961742254,67,median,1.5416082362719712,generalization,3.647093042511221,0.19138943029824265,Fluid intelligence,"EL, EDU, LS, MH, AS",third
RandomForest,no,0.17243152977316556,68,median,1.5647946534330497,validation,3.6700598322063818,0.17214964171889946,Fluid intelligence,"EL, EDU, LS, MH, AS",third
RandomForest,no,0.18921554649146888,68,median,1.5396298078108268,generalization,3.658876049166892,0.1887769760467105,Fluid intelligence,"EL, EDU, LS, MH, AS",third
RandomForest,no,0.13590118250336392,69,median,1.5694420717511997,validation,3.875168817510569,0.11907603582958305,Fluid intelligence,"EL, EDU, LS, MH, AS",third
RandomForest,no,0.1911094473950261,69,median,1.5406284208805925,generalization,3.6544132572782115,0.1897664382429044,Fluid intelligence,"EL, EDU, LS, MH, AS",third
RandomForest,no,0.18530667896614872,70,median,1.44264586510046,validation,3.1785965375862526,0.17507009558918052,Fluid intelligence,"EL, EDU, LS, MH, AS",third
RandomForest,no,0.18795459829420724,70,median,1.5451219887551693,generalization,3.667402274450605,0.18688659491200774,Fluid intelligence,"EL, EDU, LS, MH, AS",third
RandomForest,no,0.09642529323054684,71,median,1.5556667544497709,validation,3.666689859451664,0.09641677482005527,Fluid intelligence,"EL, EDU, LS, MH, AS",third
RandomForest,no,0.1908445520532268,71,median,1.5411378988366151,generalization,3.6516904257098974,0.19037012736188,Fluid intelligence,"EL, EDU, LS, MH, AS",third
RandomForest,no,0.17394698553296614,72,median,1.5925353556147697,validation,3.9299330416498144,0.17065109810440324,Fluid intelligence,"EL, EDU, LS, MH, AS",third
RandomForest,no,0.18911768231961776,72,median,1.5418836381397998,generalization,3.658479794117726,0.18886483122817102,Fluid intelligence,"EL, EDU, LS, MH, AS",third
RandomForest,no,0.14864476873219867,73,median,1.4949566378473584,validation,3.4967617940090774,0.14244621397009227,Fluid intelligence,"EL, EDU, LS, MH, AS",third
RandomForest,no,0.19216903680698671,73,median,1.5387205972072109,generalization,3.6487499918785016,0.1910220618883264,Fluid intelligence,"EL, EDU, LS, MH, AS",third
RandomForest,no,0.1424557172278521,74,median,1.5300934609155106,validation,3.553260610906768,0.13137628484968145,Fluid intelligence,"EL, EDU, LS, MH, AS",third
RandomForest,no,0.19018408547031151,74,median,1.5393409071859026,generalization,3.6572067516051856,0.18914708222076196,Fluid intelligence,"EL, EDU, LS, MH, AS",third
RandomForest,no,0.1923338176247176,75,median,1.4393598479624568,validation,3.2081635220850617,0.19229464139098407,Fluid intelligence,"EL, EDU, LS, MH, AS",third
RandomForest,no,0.19016975995582952,75,median,1.5400373572843336,generalization,3.6550675613121872,0.18962137006079216,Fluid intelligence,"EL, EDU, LS, MH, AS",third
RandomForest,no,0.1797164625001776,76,median,1.4763843204057838,validation,3.4457873430331363,0.1770647740371304,Fluid intelligence,"EL, EDU, LS, MH, AS",third
RandomForest,no,0.19362916348428486,76,median,1.5364899411333253,generalization,3.638810790684062,0.19322571917003986,Fluid intelligence,"EL, EDU, LS, MH, AS",third
RandomForest,no,0.1362269382829716,77,median,1.523215104064204,validation,3.665903407552869,0.13442360147540922,Fluid intelligence,"EL, EDU, LS, MH, AS",third
RandomForest,no,0.1911012893766183,77,median,1.5415996133344794,generalization,3.6519112893620496,0.1903211588597028,Fluid intelligence,"EL, EDU, LS, MH, AS",third
RandomForest,no,0.1671369493779008,78,median,1.4368718815130868,validation,3.1875300722319158,0.16680035522937886,Fluid intelligence,"EL, EDU, LS, MH, AS",third
RandomForest,no,0.18306820101556465,78,median,1.5462693553105002,generalization,3.6876855511412407,0.18238951416055535,Fluid intelligence,"EL, EDU, LS, MH, AS",third
RandomForest,no,0.2434679067385788,79,median,1.5171723840946374,validation,3.619638830611333,0.24148564668503605,Fluid intelligence,"EL, EDU, LS, MH, AS",third
RandomForest,no,0.18930621741130604,79,median,1.544256974965457,generalization,3.660272157160765,0.1884674397483127,Fluid intelligence,"EL, EDU, LS, MH, AS",third
RandomForest,no,0.2113312445107215,80,median,1.5033662163348027,validation,3.4315325700755905,0.2104944088228612,Fluid intelligence,"EL, EDU, LS, MH, AS",third
RandomForest,no,0.19192363830867365,80,median,1.5400285511591505,generalization,3.6465531360273977,0.1915091349738244,Fluid intelligence,"EL, EDU, LS, MH, AS",third
RandomForest,no,0.14124698130247249,81,median,1.5697570656544575,validation,3.651858953522367,0.13705225638984586,Fluid intelligence,"EL, EDU, LS, MH, AS",third
RandomForest,no,0.19278160492472307,81,median,1.539928792426554,generalization,3.6451641498007854,0.1918170922787018,Fluid intelligence,"EL, EDU, LS, MH, AS",third
RandomForest,no,0.13074555400742194,82,median,1.6551847615376718,validation,4.1572877018204,0.12813815816821228,Fluid intelligence,"EL, EDU, LS, MH, AS",third
RandomForest,no,0.19053182291438087,82,median,1.5412663961693869,generalization,3.655140756511704,0.1896051416807396,Fluid intelligence,"EL, EDU, LS, MH, AS",third
RandomForest,no,0.20787712625525034,83,median,1.4736304917569856,validation,3.3349809492202085,0.20764272406187304,Fluid intelligence,"EL, EDU, LS, MH, AS",third
RandomForest,no,0.19102857879168866,83,median,1.5414007240477563,generalization,3.6508711579088433,0.19055177027464032,Fluid intelligence,"EL, EDU, LS, MH, AS",third
RandomForest,no,0.1897370494801318,84,median,1.5200032915741568,validation,3.5503031855414178,0.1894769618959371,Fluid intelligence,"EL, EDU, LS, MH, AS",third
RandomForest,no,0.19151120052738024,84,median,1.5381145471482842,generalization,3.6495620955935126,0.1908420073517414,Fluid intelligence,"EL, EDU, LS, MH, AS",third
RandomForest,no,0.19531806308285796,85,median,1.574478535892883,validation,3.7198586405398015,0.1952216241423028,Fluid intelligence,"EL, EDU, LS, MH, AS",third
RandomForest,no,0.18828535825199788,85,median,1.542253245299318,generalization,3.6631010803425568,0.18784022866293396,Fluid intelligence,"EL, EDU, LS, MH, AS",third
RandomForest,no,0.17656545180454608,86,median,1.5471434339825976,validation,3.6348707827735316,0.17416790697640927,Fluid intelligence,"EL, EDU, LS, MH, AS",third
RandomForest,no,0.18596091562158512,86,median,1.5458389990403938,generalization,3.6754831563880517,0.18509495250777908,Fluid intelligence,"EL, EDU, LS, MH, AS",third
RandomForest,no,0.13213431990131452,87,median,1.643092871903954,validation,4.0617892854540285,0.13132356592077532,Fluid intelligence,"EL, EDU, LS, MH, AS",third
RandomForest,no,0.18984379470092128,87,median,1.542969646110386,generalization,3.6579800729469194,0.18897562626846987,Fluid intelligence,"EL, EDU, LS, MH, AS",third
RandomForest,no,0.17005158040590673,88,median,1.533006414898412,validation,3.647307446483465,0.16837024704736736,Fluid intelligence,"EL, EDU, LS, MH, AS",third
RandomForest,no,0.19108863638815174,88,median,1.5399958548921346,generalization,3.6503830049322907,0.19066000048754408,Fluid intelligence,"EL, EDU, LS, MH, AS",third
RandomForest,no,0.1893395674075732,89,median,1.530505476556738,validation,3.518570372332781,0.18169313983047666,Fluid intelligence,"EL, EDU, LS, MH, AS",third
RandomForest,no,0.1876928232699826,89,median,1.542228042908827,generalization,3.6691368042728185,0.1865020258507426,Fluid intelligence,"EL, EDU, LS, MH, AS",third
RandomForest,no,0.1481730098665276,90,median,1.4726265755082446,validation,3.2959773783826734,0.14811677872542714,Fluid intelligence,"EL, EDU, LS, MH, AS",third
RandomForest,no,0.19062458074922967,90,median,1.5427530471694648,generalization,3.653351683299945,0.19000180375986295,Fluid intelligence,"EL, EDU, LS, MH, AS",third
RandomForest,no,0.20831121542597075,91,median,1.542054752144874,validation,3.5508468021049424,0.2060948085336544,Fluid intelligence,"EL, EDU, LS, MH, AS",third
RandomForest,no,0.18801494051960832,91,median,1.5414862921311363,generalization,3.66427418075003,0.1875801362063535,Fluid intelligence,"EL, EDU, LS, MH, AS",third
RandomForest,no,0.15939977208370626,92,median,1.5279293340304652,validation,3.5722369419623665,0.1591340321256466,Fluid intelligence,"EL, EDU, LS, MH, AS",third
RandomForest,no,0.19257055177719015,92,median,1.5367078974568908,generalization,3.643909074387355,0.19209535971889136,Fluid intelligence,"EL, EDU, LS, MH, AS",third
RandomForest,no,0.17076084260722646,93,median,1.5267896149535838,validation,3.5867825707636465,0.170390307604236,Fluid intelligence,"EL, EDU, LS, MH, AS",third
RandomForest,no,0.19030989497917614,93,median,1.5411902107155722,generalization,3.654758137650844,0.18968997353214898,Fluid intelligence,"EL, EDU, LS, MH, AS",third
RandomForest,no,0.18537015932212453,94,median,1.5339171134812923,validation,3.6901966445239847,0.18525541066196194,Fluid intelligence,"EL, EDU, LS, MH, AS",third
RandomForest,no,0.19094771074858874,94,median,1.5414063969850929,generalization,3.651901044545844,0.19032343027602594,Fluid intelligence,"EL, EDU, LS, MH, AS",third
RandomForest,no,0.1847108116202394,95,median,1.539600431835221,validation,3.5268762310664257,0.182811027585608,Fluid intelligence,"EL, EDU, LS, MH, AS",third
RandomForest,no,0.19078585805602846,95,median,1.5384759488153978,generalization,3.651845085095324,0.19033583725403225,Fluid intelligence,"EL, EDU, LS, MH, AS",third
RandomForest,no,0.15970067949612346,96,median,1.5671271052825386,validation,3.809572175058415,0.15968610535649386,Fluid intelligence,"EL, EDU, LS, MH, AS",third
RandomForest,no,0.18803057908466916,96,median,1.5415490051280238,generalization,3.6653478777907194,0.1873420828401141,Fluid intelligence,"EL, EDU, LS, MH, AS",third
RandomForest,no,0.13670600908456676,97,median,1.6167006178369483,validation,3.8854944288609294,0.135203082535839,Fluid intelligence,"EL, EDU, LS, MH, AS",third
RandomForest,no,0.18790122878316665,97,median,1.5414336562727913,generalization,3.664398619046079,0.1875525465286876,Fluid intelligence,"EL, EDU, LS, MH, AS",third
RandomForest,no,0.16021356702077438,98,median,1.546342254163232,validation,3.755280950745093,0.16020481553366028,Fluid intelligence,"EL, EDU, LS, MH, AS",third
RandomForest,no,0.18549288108450235,98,median,1.5443237401001848,generalization,3.6764809120311264,0.18487373639139104,Fluid intelligence,"EL, EDU, LS, MH, AS",third
RandomForest,no,0.1282628726886309,99,median,1.5616912683793298,validation,3.661582656495918,0.12281871782118947,Fluid intelligence,"EL, EDU, LS, MH, AS",third
RandomForest,no,0.19175000225822048,99,median,1.5397505433717735,generalization,3.6501694928751265,0.19070733904024084,Fluid intelligence,"EL, EDU, LS, MH, AS",third
RandomForest,no,0.4435709230311233,0,median,2.037433145336243,validation,6.043995136128077,0.4426166203234261,Neuroticism,"EL, EDU, LS, MH, AS",third
RandomForest,no,0.3091912573647385,0,median,2.140364477617452,generalization,6.929543165950862,0.3090678964449721,Neuroticism,"EL, EDU, LS, MH, AS",third
RandomForest,no,0.3152354501429375,1,median,2.1100786689858695,validation,6.714223928909342,0.3150187559978761,Neuroticism,"EL, EDU, LS, MH, AS",third
RandomForest,no,0.3165185333061602,1,median,2.154127273849064,generalization,6.855512307664868,0.3164493782279069,Neuroticism,"EL, EDU, LS, MH, AS",third
RandomForest,no,0.2782905894307147,2,median,2.102515020433913,validation,6.801660508728988,0.2782778734340804,Neuroticism,"EL, EDU, LS, MH, AS",third
RandomForest,no,0.30895744321713536,2,median,2.136641323723654,generalization,6.934064699612224,0.30861706257481314,Neuroticism,"EL, EDU, LS, MH, AS",third
RandomForest,no,0.3467169626334597,3,median,2.13461745860889,validation,6.766117681874887,0.3460669065073649,Neuroticism,"EL, EDU, LS, MH, AS",third
RandomForest,no,0.3110749440582053,3,median,2.138547816225001,generalization,6.913005932532412,0.3107167938108092,Neuroticism,"EL, EDU, LS, MH, AS",third
RandomForest,no,0.29641456323770243,4,median,2.2111410676922025,validation,7.321982248863667,0.29588266177820555,Neuroticism,"EL, EDU, LS, MH, AS",third
RandomForest,no,0.3110247611046261,4,median,2.1583556990961466,generalization,6.909927732023539,0.3110237155662303,Neuroticism,"EL, EDU, LS, MH, AS",third
RandomForest,no,0.3719858718107049,5,median,2.1466353041905704,validation,6.882254166267278,0.3718842967440196,Neuroticism,"EL, EDU, LS, MH, AS",third
RandomForest,no,0.3111378350745119,5,median,2.139925382447435,generalization,6.909804039815543,0.3110360486905673,Neuroticism,"EL, EDU, LS, MH, AS",third
RandomForest,no,0.31152205488484586,6,median,2.2037087021624755,validation,7.509018232477969,0.309927499563904,Neuroticism,"EL, EDU, LS, MH, AS",third
RandomForest,no,0.3095435001052925,6,median,2.132749258513549,generalization,6.928794780130125,0.3091425166294504,Neuroticism,"EL, EDU, LS, MH, AS",third
RandomForest,no,0.3058802522311731,7,median,2.0925783317961417,validation,6.7658609950429005,0.30238212624828065,Neuroticism,"EL, EDU, LS, MH, AS",third
RandomForest,no,0.3068222355239908,7,median,2.1443671613323407,generalization,6.952347338375545,0.3067941340271786,Neuroticism,"EL, EDU, LS, MH, AS",third
RandomForest,no,0.32692542792605583,8,median,2.117317665730813,validation,6.663500228457526,0.3214525448600678,Neuroticism,"EL, EDU, LS, MH, AS",third
RandomForest,no,0.31928706092749004,8,median,2.1438192696992893,generalization,6.82996057572147,0.3189970947913701,Neuroticism,"EL, EDU, LS, MH, AS",third
RandomForest,no,0.3320309923141389,9,median,2.072113939613805,validation,6.3517519894170285,0.33176206910593165,Neuroticism,"EL, EDU, LS, MH, AS",third
RandomForest,no,0.3157839131517049,9,median,2.1471010037250773,generalization,6.862833743421044,0.3157193712293339,Neuroticism,"EL, EDU, LS, MH, AS",third
RandomForest,no,0.365293430049622,10,median,2.131016818308712,validation,6.622263655955211,0.36438643760490697,Neuroticism,"EL, EDU, LS, MH, AS",third
RandomForest,no,0.317108435452355,10,median,2.14837868132031,generalization,6.849455710799099,0.3170532704488851,Neuroticism,"EL, EDU, LS, MH, AS",third
RandomForest,no,0.3803370787672791,11,median,2.0581690008902247,validation,6.22926866491804,0.3802616938549875,Neuroticism,"EL, EDU, LS, MH, AS",third
RandomForest,no,0.3132833178979758,11,median,2.134386048122869,generalization,6.8891233811875745,0.31309807942282897,Neuroticism,"EL, EDU, LS, MH, AS",third
RandomForest,no,0.3801243674954916,12,median,2.0489479578065968,validation,6.314351737504213,0.37926496347120253,Neuroticism,"EL, EDU, LS, MH, AS",third
RandomForest,no,0.310658868132908,12,median,2.140307232475783,generalization,6.916630805588733,0.31035536433328903,Neuroticism,"EL, EDU, LS, MH, AS",third
RandomForest,no,0.25530231055587715,13,median,2.1828596236240974,validation,7.344054395317436,0.25011427721981416,Neuroticism,"EL, EDU, LS, MH, AS",third
RandomForest,no,0.3183197853437816,13,median,2.142269711776278,generalization,6.8378384925465605,0.3182116020809218,Neuroticism,"EL, EDU, LS, MH, AS",third
RandomForest,no,0.3686254112327634,14,median,2.073433999233413,validation,6.340100367446686,0.36839360085920303,Neuroticism,"EL, EDU, LS, MH, AS",third
RandomForest,no,0.3112891526513432,14,median,2.1374520368555694,generalization,6.909949351670824,0.3110215599106525,Neuroticism,"EL, EDU, LS, MH, AS",third
RandomForest,no,0.3267754618112333,15,median,2.1357344157163642,validation,6.879728118387176,0.32281909554870536,Neuroticism,"EL, EDU, LS, MH, AS",third
RandomForest,no,0.3099963908131148,15,median,2.1396679672686005,generalization,6.923392308508009,0.3096811872160781,Neuroticism,"EL, EDU, LS, MH, AS",third
RandomForest,no,0.306963589146532,16,median,2.14603343987791,validation,6.954124598927826,0.3065211917890689,Neuroticism,"EL, EDU, LS, MH, AS",third
RandomForest,no,0.314876211780556,16,median,2.127669221944557,generalization,6.8727486160667555,0.31473077737119304,Neuroticism,"EL, EDU, LS, MH, AS",third
RandomForest,no,0.3264224030980957,17,median,2.196134083690072,validation,7.315308590111138,0.3144036860138678,Neuroticism,"EL, EDU, LS, MH, AS",third
RandomForest,no,0.3151269816590876,17,median,2.1507457405597523,generalization,6.872765564661522,0.31472908745773776,Neuroticism,"EL, EDU, LS, MH, AS",third
RandomForest,no,0.3112566358251665,18,median,2.2608225352112674,validation,7.497275769014083,0.30958888642800586,Neuroticism,"EL, EDU, LS, MH, AS",third
RandomForest,no,0.3135292808733617,18,median,2.1518956917506245,generalization,6.884978740619259,0.3135113339704618,Neuroticism,"EL, EDU, LS, MH, AS",third
RandomForest,no,0.3250827185729541,19,median,2.216437875882747,validation,7.092873144820426,0.3246737839268841,Neuroticism,"EL, EDU, LS, MH, AS",third
RandomForest,no,0.3136013145818625,19,median,2.1540212599299884,generalization,6.884160326586612,0.3135929365401571,Neuroticism,"EL, EDU, LS, MH, AS",third
RandomForest,no,0.3750437110217094,20,median,2.057059154929578,validation,6.274864946478872,0.37472337014827184,Neuroticism,"EL, EDU, LS, MH, AS",third
RandomForest,no,0.31339471447721445,20,median,2.152750071245369,generalization,6.886165339412939,0.3133930203701336,Neuroticism,"EL, EDU, LS, MH, AS",third
RandomForest,no,0.3469416491801355,21,median,1.9579216524450551,validation,6.04341193125718,0.3469375778048188,Neuroticism,"EL, EDU, LS, MH, AS",third
RandomForest,no,0.30988978567849745,21,median,2.1378543354506987,generalization,6.924078885107052,0.3096127299163011,Neuroticism,"EL, EDU, LS, MH, AS",third
RandomForest,no,0.4048961181790518,22,median,2.2647217368103334,validation,7.260181991135952,0.4026571135316098,Neuroticism,"EL, EDU, LS, MH, AS",third
RandomForest,no,0.3140893630975757,22,median,2.1560613173137924,generalization,6.881326048039397,0.3138755372819072,Neuroticism,"EL, EDU, LS, MH, AS",third
RandomForest,no,0.3771639090731152,23,median,2.100818506049153,validation,6.569936429519481,0.3761104960137799,Neuroticism,"EL, EDU, LS, MH, AS",third
RandomForest,no,0.3083079539779682,23,median,2.1448892535591484,generalization,6.940192714643186,0.3080060493789124,Neuroticism,"EL, EDU, LS, MH, AS",third
RandomForest,no,0.2781105136655801,24,median,2.163242629107981,validation,6.7347280446823135,0.2756462672748674,Neuroticism,"EL, EDU, LS, MH, AS",third
RandomForest,no,0.3187001485295118,24,median,2.145642505665703,generalization,6.833137696458023,0.3186803098805637,Neuroticism,"EL, EDU, LS, MH, AS",third
RandomForest,no,0.3971026193442643,25,median,2.049576053141144,validation,6.561111527429119,0.3924611057965545,Neuroticism,"EL, EDU, LS, MH, AS",third
RandomForest,no,0.3134243023482275,25,median,2.1338840521135123,generalization,6.88998632917194,0.3130120364540767,Neuroticism,"EL, EDU, LS, MH, AS",third
RandomForest,no,0.3447182344756591,26,median,2.1536381999229826,validation,6.633281878667607,0.3440801541964549,Neuroticism,"EL, EDU, LS, MH, AS",third
RandomForest,no,0.31159315942229426,26,median,2.135607478804109,generalization,6.9053509394702495,0.3114800591996629,Neuroticism,"EL, EDU, LS, MH, AS",third
RandomForest,no,0.3552067473643168,27,median,2.1304282262135,validation,7.063868334892745,0.3522393005181813,Neuroticism,"EL, EDU, LS, MH, AS",third
RandomForest,no,0.3140314726435073,27,median,2.129874882308913,generalization,6.883429852614762,0.3136657707668694,Neuroticism,"EL, EDU, LS, MH, AS",third
RandomForest,no,0.24757178608455355,28,median,2.2240112676056345,validation,7.3156517408450705,0.24260185477948115,Neuroticism,"EL, EDU, LS, MH, AS",third
RandomForest,no,0.31288252040811193,28,median,2.1562108862923908,generalization,6.891819919065263,0.31282921255187845,Neuroticism,"EL, EDU, LS, MH, AS",third
RandomForest,no,0.341729323619172,29,median,2.1515652059070547,validation,6.724318263874677,0.3330897302517336,Neuroticism,"EL, EDU, LS, MH, AS",third
RandomForest,no,0.3038380999733452,29,median,2.1456111428829105,generalization,6.982214368917068,0.3038161469153592,Neuroticism,"EL, EDU, LS, MH, AS",third
RandomForest,no,0.354229427818895,30,median,1.9971495513134232,validation,6.063286381269751,0.3541872327590263,Neuroticism,"EL, EDU, LS, MH, AS",third
RandomForest,no,0.31393743093751714,30,median,2.130891075407228,generalization,6.881789355485699,0.3138293417419127,Neuroticism,"EL, EDU, LS, MH, AS",third
RandomForest,no,0.3651167316689597,31,median,2.094628259325121,validation,6.503108767904573,0.36439294241744735,Neuroticism,"EL, EDU, LS, MH, AS",third
RandomForest,no,0.3106369442260376,31,median,2.1376519338871027,generalization,6.915991079581336,0.31041915024606914,Neuroticism,"EL, EDU, LS, MH, AS",third
RandomForest,no,0.3380911159552672,32,median,2.257663147614123,validation,7.664782856850161,0.33503717391560395,Neuroticism,"EL, EDU, LS, MH, AS",third
RandomForest,no,0.3093026706395805,32,median,2.142412424639333,generalization,6.931565674642973,0.3088662357940992,Neuroticism,"EL, EDU, LS, MH, AS",third
RandomForest,no,0.3230540759080889,33,median,2.145400342890037,validation,6.865388921543813,0.3224524235908022,Neuroticism,"EL, EDU, LS, MH, AS",third
RandomForest,no,0.3171264025396955,33,median,2.152949947097099,generalization,6.849325746901183,0.317066228911979,Neuroticism,"EL, EDU, LS, MH, AS",third
RandomForest,no,0.29359371195168593,34,median,2.1479213533348007,validation,7.270948034673756,0.2935583496109303,Neuroticism,"EL, EDU, LS, MH, AS",third
RandomForest,no,0.3146354497094127,34,median,2.12967969287436,generalization,6.875421840161583,0.3144642350749865,Neuroticism,"EL, EDU, LS, MH, AS",third
RandomForest,no,0.30015784537376194,35,median,2.2821420162860315,validation,7.759713675633326,0.29922771280278704,Neuroticism,"EL, EDU, LS, MH, AS",third
RandomForest,no,0.3159589908445475,35,median,2.1522648308713337,generalization,6.861750484049175,0.3158273810444945,Neuroticism,"EL, EDU, LS, MH, AS",third
RandomForest,no,0.2681842174899366,36,median,2.2524906693425613,validation,7.457717108554083,0.2579027085839378,Neuroticism,"EL, EDU, LS, MH, AS",third
RandomForest,no,0.31248793504583805,36,median,2.13310711482706,generalization,6.895649994281883,0.3124473227414221,Neuroticism,"EL, EDU, LS, MH, AS",third
RandomForest,no,0.2691765713454621,37,median,2.1366802313779694,validation,6.791625771063732,0.2663320506021589,Neuroticism,"EL, EDU, LS, MH, AS",third
RandomForest,no,0.3152827574482586,37,median,2.1266020377572192,generalization,6.8678359290765885,0.3152206124259629,Neuroticism,"EL, EDU, LS, MH, AS",third
RandomForest,no,0.33308294369765845,38,median,2.1008454454230345,validation,6.551953937335031,0.330083180843185,Neuroticism,"EL, EDU, LS, MH, AS",third
RandomForest,no,0.30702775512315605,38,median,2.1425217063152515,generalization,6.9506352382257095,0.3069648444087569,Neuroticism,"EL, EDU, LS, MH, AS",third
RandomForest,no,0.34435154003015633,39,median,2.0383685868185037,validation,6.431529199188295,0.3438782300195048,Neuroticism,"EL, EDU, LS, MH, AS",third
RandomForest,no,0.3078041842926875,39,median,2.143726212812316,generalization,6.9433241675642625,0.3076938179226494,Neuroticism,"EL, EDU, LS, MH, AS",third
RandomForest,no,0.3475265502620002,40,median,2.09878312496754,validation,6.6697836052655575,0.3472650135091502,Neuroticism,"EL, EDU, LS, MH, AS",third
RandomForest,no,0.3088420327972148,40,median,2.1374075733485003,generalization,6.935504268109094,0.30847352582701704,Neuroticism,"EL, EDU, LS, MH, AS",third
RandomForest,no,0.3207894280283051,41,median,2.1629898594492274,validation,7.047762420495798,0.3207051962006182,Neuroticism,"EL, EDU, LS, MH, AS",third
RandomForest,no,0.3116790913979379,41,median,2.1376971018599518,generalization,6.9046906822163026,0.31154589224556994,Neuroticism,"EL, EDU, LS, MH, AS",third
RandomForest,no,0.28995074696639234,42,median,2.187369964966713,validation,7.218678878223156,0.2878203548567839,Neuroticism,"EL, EDU, LS, MH, AS",third
RandomForest,no,0.3065370213398277,42,median,2.1410409488057107,generalization,6.957142148615669,0.3063160522480456,Neuroticism,"EL, EDU, LS, MH, AS",third
RandomForest,no,0.2958455542930293,43,median,2.2749524979343305,validation,7.910678333052043,0.29253461815778603,Neuroticism,"EL, EDU, LS, MH, AS",third
RandomForest,no,0.30636713377181235,43,median,2.142482442761086,generalization,6.959656278585673,0.3060653729366993,Neuroticism,"EL, EDU, LS, MH, AS",third
RandomForest,no,0.3545836971572756,44,median,2.0977181759056225,validation,6.683618892989695,0.3534025724173995,Neuroticism,"EL, EDU, LS, MH, AS",third
RandomForest,no,0.3087005705203193,44,median,2.139652574196811,generalization,6.9364603237041935,0.3083781992683077,Neuroticism,"EL, EDU, LS, MH, AS",third
RandomForest,no,0.30480223857281,45,median,2.23100397359586,validation,7.267844089941147,0.3022516660891015,Neuroticism,"EL, EDU, LS, MH, AS",third
RandomForest,no,0.3108225291803933,45,median,2.133044899120972,generalization,6.914586373849731,0.3105592108911609,Neuroticism,"EL, EDU, LS, MH, AS",third
RandomForest,no,0.36564331698625385,46,median,2.237340845070422,validation,7.257521307042253,0.36340412547764056,Neuroticism,"EL, EDU, LS, MH, AS",third
RandomForest,no,0.3109270811810152,46,median,2.157421487603305,generalization,6.910980359076661,0.31091876004367197,Neuroticism,"EL, EDU, LS, MH, AS",third
RandomForest,no,0.3161316620987628,47,median,2.1756070641325573,validation,7.2495286033804405,0.31415744406566704,Neuroticism,"EL, EDU, LS, MH, AS",third
RandomForest,no,0.30288190380570923,47,median,2.15494638339856,generalization,6.9930975800269835,0.3027310017960453,Neuroticism,"EL, EDU, LS, MH, AS",third
RandomForest,no,0.3522756817583895,48,median,2.096591026519408,validation,6.727986287157759,0.3471326688048757,Neuroticism,"EL, EDU, LS, MH, AS",third
RandomForest,no,0.30596375851057633,48,median,2.1434318985762277,generalization,6.964795061165968,0.3055529943032329,Neuroticism,"EL, EDU, LS, MH, AS",third
RandomForest,no,0.2904493407841883,49,median,2.145423935338093,validation,6.781474941213999,0.2897947923766257,Neuroticism,"EL, EDU, LS, MH, AS",third
RandomForest,no,0.31109300588890365,49,median,2.1328103254943764,generalization,6.911355700548725,0.3108813354304423,Neuroticism,"EL, EDU, LS, MH, AS",third
RandomForest,no,0.25609359370674023,50,median,2.109536464928853,validation,7.159821762876357,0.25418153427123635,Neuroticism,"EL, EDU, LS, MH, AS",third
RandomForest,no,0.30771119999824736,50,median,2.140683903348471,generalization,6.944890317912711,0.30753765992942783,Neuroticism,"EL, EDU, LS, MH, AS",third
RandomForest,no,0.3568521928334225,51,median,2.257843738179766,validation,7.5805785448448715,0.35682509952908514,Neuroticism,"EL, EDU, LS, MH, AS",third
RandomForest,no,0.3104107940919426,51,median,2.1397436443881617,generalization,6.91872713746587,0.31014634290735466,Neuroticism,"EL, EDU, LS, MH, AS",third
RandomForest,no,0.33457462488426826,52,median,2.2614646991951384,validation,7.410232551059227,0.3345722896586633,Neuroticism,"EL, EDU, LS, MH, AS",third
RandomForest,no,0.3176761346304695,52,median,2.1518247320349912,generalization,6.844328163973438,0.3175645287857605,Neuroticism,"EL, EDU, LS, MH, AS",third
RandomForest,no,0.2861706343367796,53,median,2.1562223414309534,validation,6.91617831893548,0.2861554183472339,Neuroticism,"EL, EDU, LS, MH, AS",third
RandomForest,no,0.3155237161719069,53,median,2.1542530686474937,generalization,6.865766177159915,0.3154269836125442,Neuroticism,"EL, EDU, LS, MH, AS",third
RandomForest,no,0.3398891157920414,54,median,2.186998398647861,validation,7.309131560609553,0.33982473491039195,Neuroticism,"EL, EDU, LS, MH, AS",third
RandomForest,no,0.3104336675384069,54,median,2.138841057594562,generalization,6.916742114241184,0.310344265950677,Neuroticism,"EL, EDU, LS, MH, AS",third
RandomForest,no,0.3082306363745747,55,median,2.1679496847442343,validation,6.674503870562417,0.3081326379017574,Neuroticism,"EL, EDU, LS, MH, AS",third
RandomForest,no,0.3182055232176733,55,median,2.1377905805376707,generalization,6.838321910554432,0.3181634013535325,Neuroticism,"EL, EDU, LS, MH, AS",third
RandomForest,no,0.36126511183304294,56,median,2.186421597760055,validation,7.070970900291242,0.3612461506360135,Neuroticism,"EL, EDU, LS, MH, AS",third
RandomForest,no,0.30656663836137554,56,median,2.1415506484154947,generalization,6.95791878666863,0.3062386150850491,Neuroticism,"EL, EDU, LS, MH, AS",third
RandomForest,no,0.2818571633278346,57,median,2.157802043456372,validation,7.182043930245406,0.2807077505760133,Neuroticism,"EL, EDU, LS, MH, AS",third
RandomForest,no,0.3072767741838653,57,median,2.138583838385402,generalization,6.951286858914735,0.30689987249897777,Neuroticism,"EL, EDU, LS, MH, AS",third
RandomForest,no,0.24813267813739934,58,median,2.203140670116215,validation,7.3483111490737585,0.24774143736828744,Neuroticism,"EL, EDU, LS, MH, AS",third
RandomForest,no,0.30564865250451545,58,median,2.142054120866451,generalization,6.9666144363447335,0.3053715877242832,Neuroticism,"EL, EDU, LS, MH, AS",third
RandomForest,no,0.35989827915827344,59,median,2.1642479790432763,validation,6.803546613377581,0.3534754629029315,Neuroticism,"EL, EDU, LS, MH, AS",third
RandomForest,no,0.3093516783689633,59,median,2.139449229558977,generalization,6.932505962322968,0.30877248142543057,Neuroticism,"EL, EDU, LS, MH, AS",third
RandomForest,no,0.3090448709741498,60,median,2.1582584351165197,validation,7.049431650162708,0.3088851640480922,Neuroticism,"EL, EDU, LS, MH, AS",third
RandomForest,no,0.31597028737282473,60,median,2.1426225606383458,generalization,6.860847843244473,0.3159173817119284,Neuroticism,"EL, EDU, LS, MH, AS",third
RandomForest,no,0.3852846883034903,61,median,2.0429676735372606,validation,6.341016409640951,0.3852843989856869,Neuroticism,"EL, EDU, LS, MH, AS",third
RandomForest,no,0.3112378216360038,61,median,2.1341107484199924,generalization,6.909846018716163,0.3110318630509925,Neuroticism,"EL, EDU, LS, MH, AS",third
RandomForest,no,0.3294664759010381,62,median,2.232657776784853,validation,7.535421406958215,0.3263621821306194,Neuroticism,"EL, EDU, LS, MH, AS",third
RandomForest,no,0.30957490043341096,62,median,2.1387001208909706,generalization,6.9288343161211525,0.30913857456793314,Neuroticism,"EL, EDU, LS, MH, AS",third
RandomForest,no,0.25737647414564724,63,median,2.282414044959381,validation,7.597084877771362,0.2547059515304585,Neuroticism,"EL, EDU, LS, MH, AS",third
RandomForest,no,0.3084525477522049,63,median,2.1327565894435394,generalization,6.939668994080678,0.3080582686004778,Neuroticism,"EL, EDU, LS, MH, AS",third
RandomForest,no,0.3344651797553124,64,median,2.2552788526600507,validation,7.695535156917401,0.3318642205272754,Neuroticism,"EL, EDU, LS, MH, AS",third
RandomForest,no,0.3083308998451758,64,median,2.141403359848977,generalization,6.9417054949012496,0.3078552128200096,Neuroticism,"EL, EDU, LS, MH, AS",third
RandomForest,no,0.2959543695779789,65,median,2.1777256344519262,validation,7.0157682305312035,0.2943547633068778,Neuroticism,"EL, EDU, LS, MH, AS",third
RandomForest,no,0.3165815578092407,65,median,2.1480335491424785,generalization,6.854196203850224,0.31658060453754555,Neuroticism,"EL, EDU, LS, MH, AS",third
RandomForest,no,0.3491134206867271,66,median,2.1089000186250506,validation,6.790388250101667,0.34823373383143863,Neuroticism,"EL, EDU, LS, MH, AS",third
RandomForest,no,0.30910758292774365,66,median,2.140467846371617,generalization,6.9324547422868665,0.3087775884817603,Neuroticism,"EL, EDU, LS, MH, AS",third
RandomForest,no,0.3166341009446906,67,median,2.2050993521174544,validation,7.401550661559247,0.3042762978167153,Neuroticism,"EL, EDU, LS, MH, AS",third
RandomForest,no,0.3081096784966733,67,median,2.1355483753079807,generalization,6.9424182319166245,0.3077841471128597,Neuroticism,"EL, EDU, LS, MH, AS",third
RandomForest,no,0.38513081365838775,68,median,2.062582411098673,validation,6.451812620116304,0.3834175937510183,Neuroticism,"EL, EDU, LS, MH, AS",third
RandomForest,no,0.30811962998304265,68,median,2.1407002038366354,generalization,6.941451852585068,0.3078805030324916,Neuroticism,"EL, EDU, LS, MH, AS",third
RandomForest,no,0.277269379320056,69,median,2.2499709959041283,validation,7.442029977246998,0.2745064181917982,Neuroticism,"EL, EDU, LS, MH, AS",third
RandomForest,no,0.3104594780686685,69,median,2.132802113262818,generalization,6.920293253704134,0.3099901883151974,Neuroticism,"EL, EDU, LS, MH, AS",third
RandomForest,no,0.2922685483497389,70,median,2.045386963783028,validation,6.763032175976773,0.2922673306483582,Neuroticism,"EL, EDU, LS, MH, AS",third
RandomForest,no,0.3099325710513855,70,median,2.138800820820871,generalization,6.922230823183342,0.3097969967982398,Neuroticism,"EL, EDU, LS, MH, AS",third
RandomForest,no,0.36536957663180347,71,median,2.142283311363859,validation,6.815801240287144,0.36464724033895823,Neuroticism,"EL, EDU, LS, MH, AS",third
RandomForest,no,0.3124295725889549,71,median,2.133217302546212,generalization,6.8994772287898805,0.31206571617283874,Neuroticism,"EL, EDU, LS, MH, AS",third
RandomForest,no,0.3165556226022842,72,median,2.0944325107742894,validation,6.887169962121169,0.3156349194833882,Neuroticism,"EL, EDU, LS, MH, AS",third
RandomForest,no,0.31042417796758426,72,median,2.137063899727463,generalization,6.916979994493945,0.3103205473447748,Neuroticism,"EL, EDU, LS, MH, AS",third
RandomForest,no,0.3445537034964411,73,median,2.1947792058628313,validation,7.274387452100457,0.3422925919236308,Neuroticism,"EL, EDU, LS, MH, AS",third
RandomForest,no,0.30372142451374873,73,median,2.146618262308595,generalization,6.987257134612081,0.3033133419503061,Neuroticism,"EL, EDU, LS, MH, AS",third
RandomForest,no,0.2629277946980987,74,median,2.2127988969320542,validation,7.4454239713930015,0.2628649256785588,Neuroticism,"EL, EDU, LS, MH, AS",third
RandomForest,no,0.3089311735271546,74,median,2.1371544245414817,generalization,6.933250504034648,0.30869824453005146,Neuroticism,"EL, EDU, LS, MH, AS",third
RandomForest,no,0.3432835956659003,75,median,2.115697463328252,validation,6.621764540403317,0.3417721297321145,Neuroticism,"EL, EDU, LS, MH, AS",third
RandomForest,no,0.30742197726296816,75,median,2.1415212254536717,generalization,6.94930931458314,0.307097049835518,Neuroticism,"EL, EDU, LS, MH, AS",third
RandomForest,no,0.2972785232031343,76,median,2.248094199356806,validation,7.559104353471353,0.2941637527294161,Neuroticism,"EL, EDU, LS, MH, AS",third
RandomForest,no,0.3053557747317279,76,median,2.1394804992677345,generalization,6.971119997310949,0.3049223464624091,Neuroticism,"EL, EDU, LS, MH, AS",third
RandomForest,no,0.4039580209026724,77,median,2.1325829689108344,validation,6.973459081378263,0.39909211822279056,Neuroticism,"EL, EDU, LS, MH, AS",third
RandomForest,no,0.308428563930392,77,median,2.142745734664269,generalization,6.940201027110026,0.30800522055801305,Neuroticism,"EL, EDU, LS, MH, AS",third
RandomForest,no,0.3861479678327976,78,median,2.0746321187530743,validation,6.3477693213420165,0.3859504381196296,Neuroticism,"EL, EDU, LS, MH, AS",third
RandomForest,no,0.31023628330650604,78,median,2.1390059693530348,generalization,6.9192737421597075,0.3100918419508153,Neuroticism,"EL, EDU, LS, MH, AS",third
RandomForest,no,0.3383915142769073,79,median,2.135945300550635,validation,6.617201549067914,0.3330031471180184,Neuroticism,"EL, EDU, LS, MH, AS",third
RandomForest,no,0.30383525087655305,79,median,2.150932917405847,generalization,6.982247018241278,0.30381289151082314,Neuroticism,"EL, EDU, LS, MH, AS",third
RandomForest,no,0.3058271297509492,80,median,2.1400254522829543,validation,6.704952839252428,0.30577120822731896,Neuroticism,"EL, EDU, LS, MH, AS",third
RandomForest,no,0.3199390383625952,80,median,2.1413844427055824,generalization,6.821188635610384,0.319871728932188,Neuroticism,"EL, EDU, LS, MH, AS",third
RandomForest,no,0.3630108033110397,81,median,2.1652225413890918,validation,6.9561300769403935,0.35471250452957204,Neuroticism,"EL, EDU, LS, MH, AS",third
RandomForest,no,0.3093021346855905,81,median,2.139139501355673,generalization,6.931939780620378,0.3088289343697873,Neuroticism,"EL, EDU, LS, MH, AS",third
RandomForest,no,0.33716516572178457,82,median,1.9938514272430532,validation,6.218693431603472,0.3371415186093211,Neuroticism,"EL, EDU, LS, MH, AS",third
RandomForest,no,0.3116856479937241,82,median,2.1343045876140345,generalization,6.906015894781562,0.3114137577190298,Neuroticism,"EL, EDU, LS, MH, AS",third
RandomForest,no,0.27251497811485936,83,median,2.0937089404776,validation,6.483227716278753,0.2670407140911492,Neuroticism,"EL, EDU, LS, MH, AS",third
RandomForest,no,0.3148938681995985,83,median,2.153360107198401,generalization,6.8713752713716305,0.3148677110645671,Neuroticism,"EL, EDU, LS, MH, AS",third
RandomForest,no,0.3254268985974661,84,median,2.139848724498483,validation,6.79981642707182,0.3253109389689559,Neuroticism,"EL, EDU, LS, MH, AS",third
RandomForest,no,0.31097680378582515,84,median,2.1397649013862345,generalization,6.912824449360738,0.3107348891666736,Neuroticism,"EL, EDU, LS, MH, AS",third
RandomForest,no,0.3452433921846906,85,median,2.142656827047001,validation,7.141203865713324,0.3451980934618618,Neuroticism,"EL, EDU, LS, MH, AS",third
RandomForest,no,0.3076667325317044,85,median,2.142355497306628,generalization,6.945644303395988,0.3074624814128165,Neuroticism,"EL, EDU, LS, MH, AS",third
RandomForest,no,0.30765767350740725,86,median,2.0635157690720503,validation,6.4751383172029335,0.3005399137144972,Neuroticism,"EL, EDU, LS, MH, AS",third
RandomForest,no,0.3107625061956353,86,median,2.1394482816126024,generalization,6.912599283316752,0.3107573400620204,Neuroticism,"EL, EDU, LS, MH, AS",third
RandomForest,no,0.3086874054111031,87,median,2.055156321706588,validation,6.511766247600995,0.3077795498758227,Neuroticism,"EL, EDU, LS, MH, AS",third
RandomForest,no,0.3123514710401961,87,median,2.133514467306333,generalization,6.899019485007996,0.312111356970007,Neuroticism,"EL, EDU, LS, MH, AS",third
RandomForest,no,0.3569547885257871,88,median,2.106931920931839,validation,6.523583266955294,0.35574742128158565,Neuroticism,"EL, EDU, LS, MH, AS",third
RandomForest,no,0.3097202739709264,88,median,2.1395444198452207,generalization,6.923967449677508,0.3096238409396258,Neuroticism,"EL, EDU, LS, MH, AS",third
RandomForest,no,0.34033993905035964,89,median,2.1563222802543045,validation,6.773243488120634,0.340263052488161,Neuroticism,"EL, EDU, LS, MH, AS",third
RandomForest,no,0.3072182380257765,89,median,2.143021951556373,generalization,6.949475956761751,0.30708043424798903,Neuroticism,"EL, EDU, LS, MH, AS",third
RandomForest,no,0.1687084049718004,90,median,2.292420425369212,validation,8.158859052506603,0.1686810148229746,Neuroticism,"EL, EDU, LS, MH, AS",third
RandomForest,no,0.30950636558417666,90,median,2.1333544936758946,generalization,6.927872223103919,0.30923450310698586,Neuroticism,"EL, EDU, LS, MH, AS",third
RandomForest,no,0.2395134900528029,91,median,2.1674479605282184,validation,7.178973958625791,0.2395077995670919,Neuroticism,"EL, EDU, LS, MH, AS",third
RandomForest,no,0.3121638075528093,91,median,2.1328948612078085,generalization,6.9005132689025865,0.3119624145038403,Neuroticism,"EL, EDU, LS, MH, AS",third
RandomForest,no,0.3689634619316475,92,median,2.0989869545211213,validation,6.585036597015475,0.3678362860394321,Neuroticism,"EL, EDU, LS, MH, AS",third
RandomForest,no,0.3083772823056253,92,median,2.1446172505023635,generalization,6.937532782658844,0.3082712663430386,Neuroticism,"EL, EDU, LS, MH, AS",third
RandomForest,no,0.3739039896420416,93,median,2.036577809316735,validation,5.981360663378293,0.3734802655663528,Neuroticism,"EL, EDU, LS, MH, AS",third
RandomForest,no,0.3139104556348734,93,median,2.135061781420436,generalization,6.883012776011869,0.3137073567138329,Neuroticism,"EL, EDU, LS, MH, AS",third
RandomForest,no,0.31328536937010604,94,median,2.092433053196693,validation,6.862124473089992,0.3108268835758886,Neuroticism,"EL, EDU, LS, MH, AS",third
RandomForest,no,0.3078384360274199,94,median,2.1400934109365033,generalization,6.943826786503687,0.3076437027054141,Neuroticism,"EL, EDU, LS, MH, AS",third
RandomForest,no,0.24539637512093185,95,median,2.104024742466537,validation,6.754042283517142,0.2415864198608875,Neuroticism,"EL, EDU, LS, MH, AS",third
RandomForest,no,0.3127288445162409,95,median,2.136439728194095,generalization,6.893629043051531,0.31264882810062544,Neuroticism,"EL, EDU, LS, MH, AS",third
RandomForest,no,0.27871367731494456,96,median,2.1457111512114317,validation,7.117619273368309,0.27829425311232003,Neuroticism,"EL, EDU, LS, MH, AS",third
RandomForest,no,0.3099153693433028,96,median,2.1403730000537813,generalization,6.922374226630769,0.30978269830218963,Neuroticism,"EL, EDU, LS, MH, AS",third
RandomForest,no,0.2725133323257387,97,median,2.17356099139702,validation,6.977762160855558,0.27243173243296914,Neuroticism,"EL, EDU, LS, MH, AS",third
RandomForest,no,0.31207197111324997,97,median,2.13262860133683,generalization,6.901410206168477,0.31187298252585305,Neuroticism,"EL, EDU, LS, MH, AS",third
RandomForest,no,0.3134176865734561,98,median,2.2429563091113724,validation,7.653513825447415,0.3133688799075053,Neuroticism,"EL, EDU, LS, MH, AS",third
RandomForest,no,0.3079802551682619,98,median,2.142806734377828,generalization,6.942573972566786,0.3077686184968388,Neuroticism,"EL, EDU, LS, MH, AS",third
RandomForest,no,0.37029773262450894,99,median,1.9981971734711912,validation,6.0222813938033015,0.37001607614174425,Neuroticism,"EL, EDU, LS, MH, AS",third
RandomForest,no,0.3093161577063289,99,median,2.1403831244898717,generalization,6.929575752916085,0.309064647258137,Neuroticism,"EL, EDU, LS, MH, AS",third
